date,site,acc,col,rand,row,weight,t0,t1,t2,t3,t4,t5,survival,protocol,run_count,run_ID
8/21/2019,BF,24,9,0.544934531,B,0.0006,24,21.5,18.3,17.5,18.3,20.8,0,1,30,1
8/21/2019,BF,24,10,0.120574885,B,0.0022,24,22.2,18.7,18.3,19,21.5,1,1,30,1
8/21/2019,BF,24,11,0.640419134,B,0.002,24,22.3,19.1,19,20,22.2,1,1,30,1
8/21/2019,BF,24,12,0.937219191,C,0.0019,24,22.8,19.7,19.8,21,23,1,1,30,1
8/21/2019,BF,24,13,0.001357284,A,0.0016,24,23.4,20.3,20.6,21.9,24.4,1,1,30,1
8/21/2019,BF,24,14,0.92817571,C,0.0016,24,23.9,20.9,21.3,22.8,25.3,1,1,30,1
8/21/2019,BF,24,15,0.210371348,A,0.001,24,24.3,21.5,22,23.8,26.1,1,1,30,1
8/21/2019,BF,24,16,0.895332251,A,0.0011,24,24.7,21.9,22.8,24.6,27.2,1,1,30,1
8/21/2019,BF,24,17,0.979471341,C,0.0012,24,24.8,22.6,23.6,25.6,28.2,1,1,30,1
8/21/2019,BF,24,18,0.875581261,C,0.0013,24,25.2,23,24.3,26.5,29.2,1,1,30,1
8/21/2019,BF,24,19,0.346052024,B,0.001,24,25.5,23.6,25,27.3,30.2,1,1,30,1
8/21/2019,BF,24,20,0.52342931,B,0.0021,24,25.7,24.1,25.8,28.3,31.3,1,1,30,1
8/21/2019,BF,24,21,0.131921521,A,0.0019,24,25.9,24.5,26.5,29.3,32.3,1,1,30,1
8/21/2019,BF,24,22,0.922778767,B,0.0013,24,26,25,27.2,30.3,33.3,1,1,30,1
8/21/2019,BF,24,23,0.316323533,C,0.0012,24,26.3,25.5,27.9,31.3,34.6,1,1,30,1
8/21/2019,BF,24,24,0.167832656,A,0.0013,24,26.3,25.9,28.9,32.4,35.6,1,1,30,1
8/21/2019,BF,24,25,0.369873357,B,0.0016,24,26.6,26.4,29.7,33.5,37,1,1,30,1
8/21/2019,BF,24,26,0.09991543,A,0.001,24,26.7,27,30.6,34.6,38.3,0,1,30,1
8/21/2019,BF,24,27,0.587338811,B,0.0013,24,26.8,27.5,31.5,35.8,39.6,0,1,30,1
8/21/2019,BF,24,28,0.638561446,C,0.001,24,26.8,28,32,36.9,40.9,0,1,30,1
8/21/2019,BF,24,29,0.814921184,C,0.002,24,27,28.6,33.3,38.3,42.1,0,1,30,1
8/21/2019,BF,24,30,0.75637092,C,0.0019,24,27,29,34.1,39.5,43.8,0,1,30,1
8/21/2019,BF,24,31,0.063271877,A,0.0017,24,27.1,29.7,35.3,40.8,45,0,1,30,1
8/21/2019,BF,24,32,0.569785298,B,0.002,24,27.2,30.2,36.3,42.3,46.4,0,1,30,1
8/21/2019,BF,24,33,0.628061646,B,0.0008,24,27.3,30.9,37.4,43.6,47.9,0,1,30,1
8/21/2019,BF,24,34,0.721982751,B,0.0022,24,27.3,31.6,38.4,45.5,49.8,0,1,30,1
8/21/2019,BF,24,35,0.955238303,C,0.0015,24,27.5,32.3,39.7,47,51.6,0,1,30,1
8/21/2019,BF,24,36,0.32138244,B,0.0024,24,27.5,32.8,40.7,48.6,52.7,0,1,30,1
8/21/2019,BF,24,37,0.135213868,A,0.002,24,27.6,33.5,41.8,50.5,54.5,0,1,30,1
8/21/2019,BF,24,38,0.031104194,A,0.001,24,27.6,34.1,42.8,51.8,56.1,0,1,30,1
8/21/2019,GB,24,9,0.535825211,A,0.0023,24,21.5,18.3,17.5,18.3,20.8,1,1,20,2
8/21/2019,GB,24,10,0.058053594,A,0.0022,24,22.2,18.7,18.3,19,21.5,1,1,20,2
8/21/2019,GB,24,11,0.81109773,C,0.0014,24,22.3,19.1,19,20,22.2,1,1,20,2
8/21/2019,GB,24,12,0.733388911,B,0.0022,24,22.8,19.7,19.8,21,23,1,1,20,2
8/21/2019,GB,24,13,0.258296923,B,0.0011,24,23.4,20.3,20.6,21.9,24.4,1,1,20,2
8/21/2019,GB,24,14,0.313966768,B,0.0024,24,23.9,20.9,21.3,22.8,25.3,d,1,20,2
8/21/2019,GB,24,15,0.275365894,B,0.0011,24,24.3,21.5,22,23.8,26.1,d,1,20,2
8/21/2019,GB,24,16,0.900365835,B,0.0012,24,24.7,21.9,22.8,24.6,27.2,0,1,20,2
8/21/2019,GB,24,17,0.185308587,A,0.0008,24,24.8,22.6,23.6,25.6,28.2,0,1,20,2
8/21/2019,GB,24,18,0.601332516,B,0.0013,24,25.2,23,24.3,26.5,29.2,d,1,20,2
8/21/2019,GB,24,19,0.710612994,C,0.001,24,25.5,23.6,25,27.3,30.2,d,1,20,2
8/21/2019,GB,24,20,0.709102716,C,0.0014,24,25.7,24.1,25.8,28.3,31.3,1,1,20,2
8/21/2019,GB,24,21,0.737258778,C,0.0015,24,25.9,24.5,26.5,29.3,32.3,1,1,20,2
8/21/2019,GB,24,22,0.967226009,C,0.0021,24,26,25,27.2,30.3,33.3,1,1,20,2
8/21/2019,GB,24,23,0.199688464,B,0.0024,24,26.3,25.5,27.9,31.3,34.6,1,1,20,2
8/21/2019,GB,24,24,0.805585708,C,0.0019,24,26.3,25.9,28.9,32.4,35.6,0,1,20,2
8/21/2019,GB,24,25,0.739447139,C,0.0005,24,26.6,26.4,29.7,33.5,37,d,1,20,2
8/21/2019,GB,24,26,0.21628978,C,0.0012,24,26.7,27,30.6,34.6,38.3,0,1,20,2
8/21/2019,GB,24,27,0.222933849,A,0.0012,24,26.8,27.5,31.5,35.8,39.6,0,1,20,2
8/21/2019,GB,24,28,0.096213167,A,0.001,24,26.8,28,32,36.9,40.9,0,1,20,2
8/21/2019,GB,24,29,0.814558837,B,0.0012,24,27,28.6,33.3,38.3,42.1,d,1,20,2
8/21/2019,GB,24,30,0.108354724,A,0.0012,24,27,29,34.1,39.5,43.8,0,1,20,2
8/21/2019,GB,24,31,0.499420693,C,0.0017,24,27.1,29.7,35.3,40.8,45,0,1,20,2
8/21/2019,GB,24,32,0.779787611,C,0.0014,24,27.2,30.2,36.3,42.3,46.4,0,1,20,2
8/21/2019,GB,24,33,0.509138865,A,0.0011,24,27.3,30.9,37.4,43.6,47.9,0,1,20,2
8/21/2019,GB,24,34,0.925739211,C,0.0009,24,27.3,31.6,38.4,45.5,49.8,0,1,20,2
8/21/2019,GB,24,35,0.792548696,B,0.0007,24,27.5,32.3,39.7,47,51.6,d,1,20,2
8/21/2019,GB,24,36,0.762453586,C,0.0016,24,27.5,32.8,40.7,48.6,52.7,d,1,20,2
8/21/2019,GB,24,37,0.662456525,C,0.001,24,27.6,33.5,41.8,50.5,54.5,0,1,20,2
8/21/2019,GB,24,38,0.837129625,C,0.0027,24,27.6,34.1,42.8,51.8,56.1,0,1,20,2
8/21/2019,HM,24,9,0.758518481,C,0.0011,24,21.5,18.3,17.5,18.3,20.8,1,1,25,3
8/21/2019,HM,24,10,0.801286679,C,0.0016,24,22.2,18.7,18.3,19,21.5,1,1,25,3
8/21/2019,HM,24,11,0.600033236,A,0.0023,24,22.3,19.1,19,20,22.2,1,1,25,3
8/21/2019,HM,24,12,0.305078002,A,0.0014,24,22.8,19.7,19.8,21,23,1,1,25,3
8/21/2019,HM,24,13,0.554347899,C,0.0011,24,23.4,20.3,20.6,21.9,24.4,1,1,25,3
8/21/2019,HM,24,14,0.1779084,A,0.0016,24,23.9,20.9,21.3,22.8,25.3,1,1,25,3
8/21/2019,HM,24,15,0.866552193,C,0.001,24,24.3,21.5,22,23.8,26.1,1,1,25,3
8/21/2019,HM,24,16,0.941914988,C,0.0011,24,24.7,21.9,22.8,24.6,27.2,1,1,25,3
8/21/2019,HM,24,17,0.816999286,B,0.0017,24,24.8,22.6,23.6,25.6,28.2,1,1,25,3
8/21/2019,HM,24,18,0.102153291,A,0.0009,24,25.2,23,24.3,26.5,29.2,1,1,25,3
8/21/2019,HM,24,19,0.313694394,A,0.0009,24,25.5,23.6,25,27.3,30.2,1,1,25,3
8/21/2019,HM,24,20,0.109362754,A,0.001,24,25.7,24.1,25.8,28.3,31.3,1,1,25,3
8/21/2019,HM,24,21,0.498400863,B,0.0011,24,25.9,24.5,26.5,29.3,32.3,1,1,25,3
8/21/2019,HM,24,22,0.157810154,A,0.001,24,26,25,27.2,30.3,33.3,1,1,25,3
8/21/2019,HM,24,23,0.19769971,A,0.0011,24,26.3,25.5,27.9,31.3,34.6,1,1,25,3
8/21/2019,HM,24,24,0.283826015,B,0.0012,24,26.3,25.9,28.9,32.4,35.6,1,1,25,3
8/21/2019,HM,24,25,0.101695135,A,0.001,24,26.6,26.4,29.7,33.5,37,1,1,25,3
8/21/2019,HM,24,26,0.134667358,B,0.0008,24,26.7,27,30.6,34.6,38.3,d,1,25,3
8/21/2019,HM,24,27,0.725477436,C,0.0007,24,26.8,27.5,31.5,35.8,39.6,d,1,25,3
8/21/2019,HM,24,28,0.263641383,B,0.0006,24,26.8,28,32,36.9,40.9,d,1,25,3
8/21/2019,HM,24,29,0.147563464,A,0.0011,24,27,28.6,33.3,38.3,42.1,0,1,25,3
8/21/2019,HM,24,30,0.443777586,B,0.001,24,27,29,34.1,39.5,43.8,d,1,25,3
8/21/2019,HM,24,31,0.158721221,B,0.0011,24,27.1,29.7,35.3,40.8,45,0,1,25,3
8/21/2019,HM,24,32,0.162501025,A,0.0007,24,27.2,30.2,36.3,42.3,46.4,0,1,25,3
8/21/2019,HM,24,33,0.664950305,C,0.0016,24,27.3,30.9,37.4,43.6,47.9,0,1,25,3
8/21/2019,HM,24,34,0.079878806,A,0.0015,24,27.3,31.6,38.4,45.5,49.8,0,1,25,3
8/21/2019,HM,24,35,0.316344412,A,0.0012,24,27.5,32.3,39.7,47,51.6,0,1,25,3
8/21/2019,HM,24,36,0.08928845,A,0.0005,24,27.5,32.8,40.7,48.6,52.7,0,1,25,3
8/21/2019,HM,24,37,0.489696008,B,0.0016,24,27.6,33.5,41.8,50.5,54.5,0,1,25,3
8/21/2019,HM,24,38,0.081077409,B,0.001,24,27.6,34.1,42.8,51.8,56.1,d,1,25,3
8/23/2019,BF,24,9,0.021149,A,0.0013,24,22.3,17.2,15.6,16,17.8,1,1,30,4
8/23/2019,BF,24,10,0.110311,B,0.0016,24,22.8,18.2,16.2,17.1,18.4,1,1,30,4
8/23/2019,BF,24,11,0.219699,C,0.0009,24,23.3,18.8,17,17.9,19.5,1,1,30,4
8/23/2019,BF,24,12,0.859069,C,0.0011,24,23.8,19.3,17.9,18.9,20.5,1,1,30,4
8/23/2019,BF,24,13,0.625652,C,0.0011,24,24.3,19.9,18.9,19.9,21.7,1,1,30,4
8/23/2019,BF,24,14,0.038799,A,0.0008,24,24.6,20.6,19.7,20.8,22.8,1,1,30,4
8/23/2019,BF,24,15,0.795986,B,0.0025,24,24.9,21.3,20.4,21.8,23.8,1,1,30,4
8/23/2019,BF,24,16,0.546948,C,0.002,24,25.1,21.8,21.3,22.8,24.9,1,1,30,4
8/23/2019,BF,24,17,0.761566,C,0.0013,24,25.4,22.4,22,23.9,26,1,1,30,4
8/23/2019,BF,24,18,0.290201,A,0.0011,24,25.6,22.9,22.8,24.8,27.1,1,1,30,4
8/23/2019,BF,24,19,0.18225,A,0.0024,24,25.8,23.3,23.6,25.6,28.1,1,1,30,4
8/23/2019,BF,24,20,0.606563,B,0.0011,24,25.9,23.4,24.4,26.6,29.2,1,1,30,4
8/23/2019,BF,24,21,0.060368,A,0.0007,24,26.1,24.2,25.2,27.6,30.5,1,1,30,4
8/23/2019,BF,24,22,0.949281,C,0.001,24,26,24.8,25.9,29,31.6,1,1,30,4
8/23/2019,BF,24,23,0.736208,C,0.001,24,26.1,25.4,26.9,30,32.7,1,1,30,4
8/23/2019,BF,24,24,0.612062,B,0.0025,24,26.3,25.8,27.7,30.9,34.2,1,1,30,4
8/23/2019,BF,24,25,0.860203,B,0.0018,24,26.3,26.3,28.7,32.4,35.4,1,1,30,4
8/23/2019,BF,24,26,0.616095,B,0.0028,24,26.4,26.8,29.7,33.5,36.9,1,1,30,4
8/23/2019,BF,24,27,0.444873,B,0.0007,24,26.5,27.4,30.6,34.8,38.1,1,1,30,4
8/23/2019,BF,24,28,0.508652,C,0.0007,24,26.5,27.9,31.6,35.8,39.8,0,1,30,4
8/23/2019,BF,24,29,0.75984,C,0.0011,24,26.6,28.5,32.6,37.4,41.3,0,1,30,4
8/23/2019,BF,24,30,0.992639,C,0.0007,24,26.7,28.9,33.8,38.6,42.5,0,1,30,4
8/23/2019,BF,24,31,0.118033,A,0.0016,24,26.7,29.6,34.6,40.5,44,0,1,30,4
8/23/2019,BF,24,32,0.8276,C,0.0013,24,26.7,29.9,36,41.3,45.8,0,1,30,4
8/23/2019,BF,24,33,0.042114,A,0.0011,24,26.8,30.9,37.2,43.5,47.2,0,1,30,4
8/23/2019,BF,24,34,0.875177,C,0.0014,24,26.9,31.5,38,45.2,48.4,0,1,30,4
8/23/2019,BF,24,35,0.836051,C,0.0004,24,26.9,32.2,39.6,46.8,50.5,0,1,30,4
8/23/2019,BF,24,36,0.056014,A,0.0019,24,27,32.9,40.5,48.7,52.1,0,1,30,4
8/23/2019,BF,24,37,0.558012,A,0.0024,24,27.1,33.6,42.5,50.3,54.3,0,1,30,4
8/23/2019,BF,24,38,0.798843,B,0.0006,24,27.1,34,44.1,51.3,56.4,0,1,30,4
8/23/2019,GB,24,9,0.681672,C,,24,22.3,17.2,15.6,16,17.8,,1,6,5
8/23/2019,GB,24,10,0.641081,C,,24,22.8,18.2,16.2,17.1,18.4,,1,6,5
8/23/2019,GB,24,11,0.114236,A,,24,23.3,18.8,17,17.9,19.5,,1,6,5
8/23/2019,GB,24,12,0.03467,A,,24,23.8,19.3,17.9,18.9,20.5,,1,6,5
8/23/2019,GB,24,13,0.412521,B,,24,24.3,19.9,18.9,19.9,21.7,,1,6,5
8/23/2019,GB,24,14,0.51964,B,,24,24.6,20.6,19.7,20.8,22.8,,1,6,5
8/23/2019,GB,24,15,0.88419,C,,24,24.9,21.3,20.4,21.8,23.8,,1,6,5
8/23/2019,GB,24,16,0.430171,B,,24,25.1,21.8,21.3,22.8,24.9,,1,6,5
8/23/2019,GB,24,17,0.230383,A,,24,25.4,22.4,22,23.9,26,,1,6,5
8/23/2019,GB,24,18,0.424939,B,,24,25.6,22.9,22.8,24.8,27.1,,1,6,5
8/23/2019,GB,24,19,0.866839,C,,24,25.8,23.3,23.6,25.6,28.1,,1,6,5
8/23/2019,GB,24,20,0.663102,C,,24,25.9,23.4,24.4,26.6,29.2,,1,6,5
8/23/2019,GB,24,21,0.78644,C,,24,26.1,24.2,25.2,27.6,30.5,,1,6,5
8/23/2019,GB,24,22,0.84172,B,,24,26,24.8,25.9,29,31.6,,1,6,5
8/23/2019,GB,24,23,0.258476,A,0.0009,24,26.1,25.4,26.9,30,32.7,1,1,6,5
8/23/2019,GB,24,24,0.638441,C,0.0006,24,26.3,25.8,27.7,30.9,34.2,1,1,6,5
8/23/2019,GB,24,25,0.861443,C,0.0004,24,26.3,26.3,28.7,32.4,35.4,1,1,6,5
8/23/2019,GB,24,26,0.437267,A,0.0012,24,26.4,26.8,29.7,33.5,36.9,1,1,6,5
8/23/2019,GB,24,27,0.80681,C,0.0004,24,26.5,27.4,30.6,34.8,38.1,1,1,6,5
8/23/2019,GB,24,28,0.407041,B,0.001,24,26.5,27.9,31.6,35.8,39.8,0,1,6,5
8/23/2019,GB,24,29,0.031665,A,,24,26.6,28.5,32.6,37.4,41.3,,1,6,5
8/23/2019,GB,24,30,0.902849,B,,24,26.7,28.9,33.8,38.6,42.5,,1,6,5
8/23/2019,GB,24,31,0.664343,B,,24,26.7,29.6,34.6,40.5,44,,1,6,5
8/23/2019,GB,24,32,0.663791,A,,24,26.7,29.9,36,41.3,45.8,,1,6,5
8/23/2019,GB,24,33,0.448316,B,,24,26.8,30.9,37.2,43.5,47.2,,1,6,5
8/23/2019,GB,24,34,0.688894,B,,24,26.9,31.5,38,45.2,48.4,,1,6,5
8/23/2019,GB,24,35,0.424694,B,,24,26.9,32.2,39.6,46.8,50.5,,1,6,5
8/23/2019,GB,24,36,0.665818,B,,24,27,32.9,40.5,48.7,52.1,,1,6,5
8/23/2019,GB,24,37,0.89284,C,,24,27.1,33.6,42.5,50.3,54.3,,1,6,5
8/23/2019,GB,24,38,0.519917,A,,24,27.1,34,44.1,51.3,56.4,,1,6,5
8/23/2019,HM,24,9,0.50774,B,,24,22.3,17.2,15.6,16,17.8,,1,24,6
8/23/2019,HM,24,10,0.069611,A,,24,22.8,18.2,16.2,17.1,18.4,,1,24,6
8/23/2019,HM,24,11,0.119229,B,,24,23.3,18.8,17,17.9,19.5,,1,24,6
8/23/2019,HM,24,12,0.166791,B,,24,23.8,19.3,17.9,18.9,20.5,,1,24,6
8/23/2019,HM,24,13,0.272369,A,0.0012,24,24.3,19.9,18.9,19.9,21.7,1,1,24,6
8/23/2019,HM,24,14,0.826245,C,0.001,24,24.6,20.6,19.7,20.8,22.8,1,1,24,6
8/23/2019,HM,24,15,0.313748,A,0.0003,24,24.9,21.3,20.4,21.8,23.8,1,1,24,6
8/23/2019,HM,24,16,0.060413,A,0.0015,24,25.1,21.8,21.3,22.8,24.9,1,1,24,6
8/23/2019,HM,24,17,0.623014,B,0.0017,24,25.4,22.4,22,23.9,26,1,1,24,6
8/23/2019,HM,24,18,0.823155,C,0.0014,24,25.6,22.9,22.8,24.8,27.1,1,1,24,6
8/23/2019,HM,24,19,0.73541,B,0.0014,24,25.8,23.3,23.6,25.6,28.1,1,1,24,6
8/23/2019,HM,24,20,0.216987,A,0.0008,24,25.9,23.4,24.4,26.6,29.2,1,1,24,6
8/23/2019,HM,24,21,0.653402,B,0.0016,24,26.1,24.2,25.2,27.6,30.5,1,1,24,6
8/23/2019,HM,24,22,0.006586,A,0.0016,24,26,24.8,25.9,29,31.6,1,1,24,6
8/23/2019,HM,24,23,0.505613,B,0.0009,24,26.1,25.4,26.9,30,32.7,1,1,24,6
8/23/2019,HM,24,24,0.262013,A,0.0012,24,26.3,25.8,27.7,30.9,34.2,1,1,24,6
8/23/2019,HM,24,25,0.043346,A,0.0003,24,26.3,26.3,28.7,32.4,35.4,1,1,24,6
8/23/2019,HM,24,26,0.800115,C,0.0005,24,26.4,26.8,29.7,33.5,36.9,1,1,24,6
8/23/2019,HM,24,27,0.356943,A,0.0008,24,26.5,27.4,30.6,34.8,38.1,1,1,24,6
8/23/2019,HM,24,28,0.274401,A,0.0009,24,26.5,27.9,31.6,35.8,39.8,0,1,24,6
8/23/2019,HM,24,29,0.447074,B,0.0015,24,26.6,28.5,32.6,37.4,41.3,0,1,24,6
8/23/2019,HM,24,30,0.670835,A,0.0005,24,26.7,28.9,33.8,38.6,42.5,0,1,24,6
8/23/2019,HM,24,31,0.979656,C,0.0013,24,26.7,29.6,34.6,40.5,44,0,1,24,6
8/23/2019,HM,24,32,0.804737,B,0.001,24,26.7,29.9,36,41.3,45.8,0,1,24,6
8/23/2019,HM,24,33,0.758421,C,0.0006,24,26.8,30.9,37.2,43.5,47.2,0,1,24,6
8/23/2019,HM,24,34,0.577166,A,0.001,24,26.9,31.5,38,45.2,48.4,0,1,24,6
8/23/2019,HM,24,35,0.216682,A,0.0009,24,26.9,32.2,39.6,46.8,50.5,0,1,24,6
8/23/2019,HM,24,36,0.686417,C,0.0017,24,27,32.9,40.5,48.7,52.1,0,1,24,6
8/23/2019,HM,24,37,0.674136,B,,24,27.1,33.6,42.5,50.3,54.3,,1,24,6
8/23/2019,HM,24,38,0.976442,C,,24,27.1,34,44.1,51.3,56.4,,1,24,6
8/24/2019,TO,24,9,0.442468381,A,0.0005,24,20.9,16.4,15.7,15.9,17.2,1,1,30,7
8/24/2019,TO,24,10,0.528825853,B,0.0015,24,21.3,17.6,15.8,16.5,18.5,1,1,30,7
8/24/2019,TO,24,11,0.983556764,C,0.0004,24,21.9,18,16.6,17.7,19.4,1,1,30,7
8/24/2019,TO,24,12,0.247596372,A,0.0006,24,22.3,18.6,17.8,18.6,20.5,1,1,30,7
8/24/2019,TO,24,13,0.291400312,B,0.0008,24,22.7,19.4,18.4,19.5,21.6,1,1,30,7
8/24/2019,TO,24,14,0.484406417,C,0.0018,24,23.1,19.9,19.2,20.6,22.6,1,1,30,7
8/24/2019,TO,24,15,0.505881934,C,0.0008,24,23.4,20.5,20,21.5,23.8,1,1,30,7
8/24/2019,TO,24,16,0.910955971,C,0.0007,24,23.6,21.2,20.7,22.5,24.9,1,1,30,7
8/24/2019,TO,24,17,0.340446476,A,0.0016,24,23.9,21.7,21.8,23.4,26,1,1,30,7
8/24/2019,TO,24,18,0.346902383,A,0.0015,24,24.1,22.2,22.4,24.5,27.3,1,1,30,7
8/24/2019,TO,24,19,0.931502898,B,0.0023,24,24.3,22.8,23.3,25.4,28.3,1,1,30,7
8/24/2019,TO,24,20,0.735072241,C,0.0006,24,24.3,23.2,24.1,26.3,29.6,1,1,30,7
8/24/2019,TO,24,21,0.18427594,A,0.0008,24,24.6,23.7,24.9,27.5,30.6,1,1,30,7
8/24/2019,TO,24,22,0.0794587,A,0.0008,24,24.6,24.3,25.8,28.3,31.9,1,1,30,7
8/24/2019,TO,24,23,0.838128663,C,0.0013,24,24.8,24.8,26.6,29.5,33,1,1,30,7
8/24/2019,TO,24,24,0.925621383,B,0.0023,24,24.9,25.3,27.5,30.9,34.3,1,1,30,7
8/24/2019,TO,24,25,0.831054654,C,0.0007,24,25,25.9,28.5,31.9,35.2,1,1,30,7
8/24/2019,TO,24,26,0.042238648,A,0.0023,24,25.1,26.4,29,33.2,36.8,1,1,30,7
8/24/2019,TO,24,27,0.093210116,A,0.0022,24,25.3,26.9,30.2,34.5,38.4,1,1,30,7
8/24/2019,TO,24,28,0.275971197,A,0.001,24,25.3,27.5,31.2,35.8,39.4,0,1,30,7
8/24/2019,TO,24,29,0.911387761,C,0.0006,24,25.5,28.1,31.9,36.8,41.3,0,1,30,7
8/24/2019,TO,24,30,0.897088145,C,0.0005,24,25.6,28.5,33.1,38.5,42.5,0,1,30,7
8/24/2019,TO,24,31,0.62584317,B,0.0016,24,25.7,29.1,34.3,40.1,44.3,0,1,30,7
8/24/2019,TO,24,32,0.236739839,B,0.0005,24,25.8,29.9,35.7,41.7,45.6,0,1,30,7
8/24/2019,TO,24,33,0.310138628,B,0.003,24,26,30.6,36.8,43.5,47.3,0,1,30,7
8/24/2019,TO,24,34,0.32617819,A,0.0028,24,26.1,31.4,37.8,44.9,49.3,0,1,30,7
8/24/2019,TO,24,35,0.258933465,A,0.0006,24,26.3,32.1,39.1,46.8,51,0,1,30,7
8/24/2019,TO,24,36,0.841212828,C,0.001,24,26.3,32.8,40.8,48.6,52.9,0,1,30,7
8/24/2019,TO,24,37,0.552968701,A,0.0012,24,26.6,33.6,41.7,50.5,54.6,0,1,30,7
8/24/2019,TO,24,38,0.117625347,A,0.0004,24,26.7,34.6,42.9,52.2,56.4,0,1,30,7
8/24/2019,TO2,24,9,0.674614697,B,,24,20.9,16.4,15.7,15.9,17.2,,1,6,8
8/24/2019,TO2,24,10,0.025068856,A,,24,21.3,17.6,15.8,16.5,18.5,,1,6,8
8/24/2019,TO2,24,11,0.167535552,A,,24,21.9,18,16.6,17.7,19.4,,1,6,8
8/24/2019,TO2,24,12,0.398868501,B,,24,22.3,18.6,17.8,18.6,20.5,,1,6,8
8/24/2019,TO2,24,13,0.189986388,A,,24,22.7,19.4,18.4,19.5,21.6,,1,6,8
8/24/2019,TO2,24,14,0.100364776,A,,24,23.1,19.9,19.2,20.6,22.6,,1,6,8
8/24/2019,TO2,24,15,0.295429408,B,,24,23.4,20.5,20,21.5,23.8,,1,6,8
8/24/2019,TO2,24,16,0.475475487,A,,24,23.6,21.2,20.7,22.5,24.9,,1,6,8
8/24/2019,TO2,24,17,0.913293701,C,,24,23.9,21.7,21.8,23.4,26,,1,6,8
8/24/2019,TO2,24,18,0.755403318,C,,24,24.1,22.2,22.4,24.5,27.3,,1,6,8
8/24/2019,TO2,24,19,0.418500278,A,,24,24.3,22.8,23.3,25.4,28.3,,1,6,8
8/24/2019,TO2,24,20,0.280413835,A,,24,24.3,23.2,24.1,26.3,29.6,,1,6,8
8/24/2019,TO2,24,21,0.576082404,C,,24,24.6,23.7,24.9,27.5,30.6,,1,6,8
8/24/2019,TO2,24,22,0.09606123,B,,24,24.6,24.3,25.8,28.3,31.9,,1,6,8
8/24/2019,TO2,24,23,0.06507589,A,,24,24.8,24.8,26.6,29.5,33,,1,6,8
8/24/2019,TO2,24,24,0.980544078,C,,24,24.9,25.3,27.5,30.9,34.3,,1,6,8
8/24/2019,TO2,24,25,0.217178917,A,,24,25,25.9,28.5,31.9,35.2,,1,6,8
8/24/2019,TO2,24,26,0.092847482,B,0.0004,24,25.1,26.4,29,33.2,36.8,1,1,6,8
8/24/2019,TO2,24,27,0.643136919,C,0.0017,24,25.3,26.9,30.2,34.5,38.4,1,1,6,8
8/24/2019,TO2,24,28,0.996234587,C,0.0004,24,25.3,27.5,31.2,35.8,39.4,0,1,6,8
8/24/2019,TO2,24,29,0.043516094,A,0.0005,24,25.5,28.1,31.9,36.8,41.3,0,1,6,8
8/24/2019,TO2,24,30,0.70675801,B,0.0008,24,25.6,28.5,33.1,38.5,42.5,0,1,6,8
8/24/2019,TO2,24,31,0.932684527,C,0.002,24,25.7,29.1,34.3,40.1,44.3,0,1,6,8
8/24/2019,TO2,24,32,0.160817392,A,,24,25.8,29.9,35.7,41.7,45.6,,1,6,8
8/24/2019,TO2,24,33,0.413391718,C,,24,26,30.6,36.8,43.5,47.3,,1,6,8
8/24/2019,TO2,24,34,0.799662094,B,,24,26.1,31.4,37.8,44.9,49.3,,1,6,8
8/24/2019,TO2,24,35,0.31532942,B,,24,26.3,32.1,39.1,46.8,51,,1,6,8
8/24/2019,TO2,24,36,0.437569306,A,,24,26.3,32.8,40.8,48.6,52.9,,1,6,8
8/24/2019,TO2,24,37,0.820393539,B,,24,26.6,33.6,41.7,50.5,54.6,,1,6,8
8/24/2019,TO2,24,38,0.829719225,C,,24,26.7,34.6,42.9,52.2,56.4,,1,6,8
8/24/2019,WH,24,9,0.734378413,C,,24,20.9,16.4,15.7,15.9,17.2,,1,12,9
8/24/2019,WH,24,10,0.840370176,C,,24,21.3,17.6,15.8,16.5,18.5,,1,12,9
8/24/2019,WH,24,11,0.832186288,B,,24,21.9,18,16.6,17.7,19.4,,1,12,9
8/24/2019,WH,24,12,0.571427869,C,,24,22.3,18.6,17.8,18.6,20.5,,1,12,9
8/24/2019,WH,24,13,0.968175204,C,,24,22.7,19.4,18.4,19.5,21.6,,1,12,9
8/24/2019,WH,24,14,0.429031037,B,,24,23.1,19.9,19.2,20.6,22.6,,1,12,9
8/24/2019,WH,24,15,0.27723673,A,,24,23.4,20.5,20,21.5,23.8,,1,12,9
8/24/2019,WH,24,16,0.703779731,B,,24,23.6,21.2,20.7,22.5,24.9,,1,12,9
8/24/2019,WH,24,17,0.660145203,B,,24,23.9,21.7,21.8,23.4,26,,1,12,9
8/24/2019,WH,24,18,0.46771821,B,,24,24.1,22.2,22.4,24.5,27.3,,1,12,9
8/24/2019,WH,24,19,0.985880798,C,,24,24.3,22.8,23.3,25.4,28.3,,1,12,9
8/24/2019,WH,24,20,0.47019349,B,,24,24.3,23.2,24.1,26.3,29.6,,1,12,9
8/24/2019,WH,24,21,0.195571057,B,0.017,24,24.6,23.7,24.9,27.5,30.6,1,1,12,9
8/24/2019,WH,24,22,0.439175142,C,0.0021,24,24.6,24.3,25.8,28.3,31.9,1,1,12,9
8/24/2019,WH,24,23,0.410014749,B,0.0024,24,24.8,24.8,26.6,29.5,33,1,1,12,9
8/24/2019,WH,24,24,0.614102329,A,0.0006,24,24.9,25.3,27.5,30.9,34.3,1,1,12,9
8/24/2019,WH,24,25,0.475417313,B,0.0015,24,25,25.9,28.5,31.9,35.2,1,1,12,9
8/24/2019,WH,24,26,0.509673498,C,0.0028,24,25.1,26.4,29,33.2,36.8,1,1,12,9
8/24/2019,WH,24,27,0.171086988,B,0.0015,24,25.3,26.9,30.2,34.5,38.4,1,1,12,9
8/24/2019,WH,24,28,0.977691086,B,0.0018,24,25.3,27.5,31.2,35.8,39.4,0,1,12,9
8/24/2019,WH,24,29,0.37114045,B,0.002,24,25.5,28.1,31.9,36.8,41.3,0,1,12,9
8/24/2019,WH,24,30,0.453672969,A,0.0015,24,25.6,28.5,33.1,38.5,42.5,0,1,12,9
8/24/2019,WH,24,31,0.537334137,A,0.0025,24,25.7,29.1,34.3,40.1,44.3,0,1,12,9
8/24/2019,WH,24,32,0.736810153,C,0.0011,24,25.8,29.9,35.7,41.7,45.6,0,1,12,9
8/24/2019,WH,24,33,0.220936864,A,,24,26,30.6,36.8,43.5,47.3,,1,12,9
8/24/2019,WH,24,34,0.875924967,C,,24,26.1,31.4,37.8,44.9,49.3,,1,12,9
8/24/2019,WH,24,35,0.825880354,C,,24,26.3,32.1,39.1,46.8,51,,1,12,9
8/24/2019,WH,24,36,0.465608329,B,,24,26.3,32.8,40.8,48.6,52.9,,1,12,9
8/24/2019,WH,24,37,0.968354543,C,,24,26.6,33.6,41.7,50.5,54.6,,1,12,9
8/24/2019,WH,24,38,0.301921378,B,,24,26.7,34.6,42.9,52.2,56.4,,1,12,9
8/26/2019,FB,24,9,0.141734291,A,0.001,24,19.2,14.3,13.7,13.9,15.4,1,1,30,10
8/26/2019,FB,24,10,0.835241551,C,0.0024,24,19.8,15,14,15.2,16.8,1,1,30,10
8/26/2019,FB,24,11,0.46179774,C,0.0011,24,20.4,15.8,14.8,16.1,17.8,1,1,30,10
8/26/2019,FB,24,12,0.140162543,A,0.0014,24,20.6,16.4,15.7,17,18.8,1,1,30,10
8/26/2019,FB,24,13,0.390417968,C,0.0014,24,20.9,17,16.5,18,20,1,1,30,10
8/26/2019,FB,24,14,0.416294596,B,0.0009,24,21.3,17.8,17.3,18.8,20.9,1,1,30,10
8/26/2019,FB,24,15,0.735443511,C,0.0013,24,21.6,18.3,18.2,19.7,22,1,1,30,10
8/26/2019,FB,24,16,0.267586599,B,0.0007,24,21.9,18.9,19,20.8,23.2,1,1,30,10
8/26/2019,FB,24,17,0.298240718,A,0.0023,24,22.1,19.4,19.9,21.7,24.4,1,1,30,10
8/26/2019,FB,24,18,0.158576277,A,0.0021,24,22.3,20,20.6,22.7,25.5,1,1,30,10
8/26/2019,FB,24,19,0.034120424,A,0.0014,24,22.5,20.5,21.3,23.7,26.5,1,1,30,10
8/26/2019,FB,24,20,0.169801411,A,0.0005,24,22.6,21.1,22.2,24.8,28,1,1,30,10
8/26/2019,FB,24,21,0.485918727,B,0.0011,24,22.8,21.5,23.1,25.9,28.9,1,1,30,10
8/26/2019,FB,24,22,0.296832019,A,0.0013,24,22.9,22.2,24,26.9,30.2,1,1,30,10
8/26/2019,FB,24,23,0.442652755,A,0.0017,24,23,22.7,24.9,28,31.6,1,1,30,10
8/26/2019,FB,24,24,0.880015712,C,0.0023,24,23.2,23.3,25.7,29,32.8,1,1,30,10
8/26/2019,FB,24,25,0.726714998,C,0.0006,24,23.3,23.8,26.4,30.5,34.2,1,1,30,10
8/26/2019,FB,24,26,0.728553284,A,0.0018,24,23.5,24.4,27.4,31.8,35.5,1,1,30,10
8/26/2019,FB,24,27,0.394357632,A,0.0017,24,23.6,25.2,28.6,33.1,36.8,1,1,30,10
8/26/2019,FB,24,28,0.919166012,C,0.002,24,23.8,25.9,29.9,34.4,38.3,1,1,30,10
8/26/2019,FB,24,29,0.68143474,B,0.0011,24,24.1,26.5,30.7,35.5,39.9,0,1,30,10
8/26/2019,FB,24,30,0.330612727,B,0.0011,24,24.2,27.1,31.5,37.3,41.6,0,1,30,10
8/26/2019,FB,24,31,0.269275038,B,0.0017,24,24.5,27.8,32.9,38.8,42.5,0,1,30,10
8/26/2019,FB,24,32,0.966606876,C,0.0012,24,24.6,28.4,34.3,40.5,44.8,0,1,30,10
8/26/2019,FB,24,33,0.658444336,C,0.0015,24,24.8,29.2,35.7,42.3,46.2,0,1,30,10
8/26/2019,FB,24,34,0.00240843,A,0.002,24,25.2,29.8,36.8,44.1,48.2,0,1,30,10
8/26/2019,FB,24,35,0.85845949,C,0.0015,24,25.2,30.6,38.5,45.5,49.6,0,1,30,10
8/26/2019,FB,24,36,0.485542543,B,0.0016,24,25.5,31.6,39.7,48,51.9,0,1,30,10
8/26/2019,FB,24,37,0.793933175,C,0.0012,24,25.6,32.8,41.4,49.8,53.7,0,1,30,10
8/26/2019,FB,24,38,0.424355464,B,0.0014,24,26,33.3,42.8,51.7,55.8,0,1,30,10
8/26/2019,FB2,24,9,0.232460833,B,,24,19.2,14.3,13.7,13.9,15.4,,1,9,11
8/26/2019,FB2,24,10,0.003655176,A,,24,19.8,15,14,15.2,16.8,,1,9,11
8/26/2019,FB2,24,11,0.343717001,B,,24,20.4,15.8,14.8,16.1,17.8,,1,9,11
8/26/2019,FB2,24,12,0.232517366,B,,24,20.6,16.4,15.7,17,18.8,,1,9,11
8/26/2019,FB2,24,13,0.336042506,A,,24,20.9,17,16.5,18,20,,1,9,11
8/26/2019,FB2,24,14,0.496905055,C,,24,21.3,17.8,17.3,18.8,20.9,,1,9,11
8/26/2019,FB2,24,15,0.6263164,B,,24,21.6,18.3,18.2,19.7,22,,1,9,11
8/26/2019,FB2,24,16,0.071035525,A,,24,21.9,18.9,19,20.8,23.2,,1,9,11
8/26/2019,FB2,24,17,0.977082573,C,,24,22.1,19.4,19.9,21.7,24.4,,1,9,11
8/26/2019,FB2,24,18,0.886503498,B,,24,22.3,20,20.6,22.7,25.5,,1,9,11
8/26/2019,FB2,24,19,0.314403719,B,,24,22.5,20.5,21.3,23.7,26.5,,1,9,11
8/26/2019,FB2,24,20,0.509576028,C,,24,22.6,21.1,22.2,24.8,28,,1,9,11
8/26/2019,FB2,24,21,0.567591036,C,,24,22.8,21.5,23.1,25.9,28.9,,1,9,11
8/26/2019,FB2,24,22,0.838457839,B,,24,22.9,22.2,24,26.9,30.2,,1,9,11
8/26/2019,FB2,24,23,0.443627696,B,0.0009,24,23,22.7,24.9,28,31.6,1,1,9,11
8/26/2019,FB2,24,24,0.768211008,B,0.0019,24,23.2,23.3,25.7,29,32.8,1,1,9,11
8/26/2019,FB2,24,25,0.152481113,A,0.0011,24,23.3,23.8,26.4,30.5,34.2,1,1,9,11
8/26/2019,FB2,24,26,0.88739028,C,0.0011,24,23.5,24.4,27.4,31.8,35.5,1,1,9,11
8/26/2019,FB2,24,27,0.523514456,B,0.0012,24,23.6,25.2,28.6,33.1,36.8,1,1,9,11
8/26/2019,FB2,24,28,0.891242836,B,0.0011,24,23.8,25.9,29.9,34.4,38.3,1,1,9,11
8/26/2019,FB2,24,29,0.935493501,C,0.0013,24,24.1,26.5,30.7,35.5,39.9,0,1,9,11
8/26/2019,FB2,24,30,0.371972262,C,0.0015,24,24.2,27.1,31.5,37.3,41.6,0,1,9,11
8/26/2019,FB2,24,31,0.884896238,C,0.0015,24,24.5,27.8,32.9,38.8,42.5,0,1,9,11
8/26/2019,FB2,24,32,0.147598673,A,,24,24.6,28.4,34.3,40.5,44.8,,1,9,11
8/26/2019,FB2,24,33,0.102297707,A,,24,24.8,29.2,35.7,42.3,46.2,,1,9,11
8/26/2019,FB2,24,34,0.628555388,C,,24,25.2,29.8,36.8,44.1,48.2,,1,9,11
8/26/2019,FB2,24,35,0.102620694,A,,24,25.2,30.6,38.5,45.5,49.6,,1,9,11
8/26/2019,FB2,24,36,0.27544685,A,,24,25.5,31.6,39.7,48,51.9,,1,9,11
8/26/2019,FB2,24,37,0.692943452,B,,24,25.6,32.8,41.4,49.8,53.7,,1,9,11
8/26/2019,FB2,24,38,0.651833368,C,,24,26,33.3,42.8,51.7,55.8,,1,9,11
8/26/2019,OY,24,9,0.993276335,C,,24,19.2,14.3,13.7,13.9,15.4,,1,13,12
8/26/2019,OY,24,10,0.102274323,B,,24,19.8,15,14,15.2,16.8,,1,13,12
8/26/2019,OY,24,11,0.137803904,A,,24,20.4,15.8,14.8,16.1,17.8,,1,13,12
8/26/2019,OY,24,12,0.576845613,C,,24,20.6,16.4,15.7,17,18.8,,1,13,12
8/26/2019,OY,24,13,0.357679532,B,,24,20.9,17,16.5,18,20,,1,13,12
8/26/2019,OY,24,14,0.20671207,A,,24,21.3,17.8,17.3,18.8,20.9,,1,13,12
8/26/2019,OY,24,15,0.067252165,A,,24,21.6,18.3,18.2,19.7,22,,1,13,12
8/26/2019,OY,24,16,0.807684809,C,,24,21.9,18.9,19,20.8,23.2,,1,13,12
8/26/2019,OY,24,17,0.923692866,B,,24,22.1,19.4,19.9,21.7,24.4,,1,13,12
8/26/2019,OY,24,18,0.975813299,C,,24,22.3,20,20.6,22.7,25.5,,1,13,12
8/26/2019,OY,24,19,0.353940021,C,,24,22.5,20.5,21.3,23.7,26.5,,1,13,12
8/26/2019,OY,24,20,0.509258502,B,,24,22.6,21.1,22.2,24.8,28,,1,13,12
8/26/2019,OY,24,21,0.276277358,A,,24,22.8,21.5,23.1,25.9,28.9,,1,13,12
8/26/2019,OY,24,22,0.863499657,C,0.004,24,22.9,22.2,24,26.9,30.2,1,1,13,12
8/26/2019,OY,24,23,0.536535557,C,0.0034,24,23,22.7,24.9,28,31.6,1,1,13,12
8/26/2019,OY,24,24,0.201132855,A,0.0021,24,23.2,23.3,25.7,29,32.8,1,1,13,12
8/26/2019,OY,24,25,0.17104127,B,0.0035,24,23.3,23.8,26.4,30.5,34.2,1,1,13,12
8/26/2019,OY,24,26,0.761150317,B,0.0041,24,23.5,24.4,27.4,31.8,35.5,1,1,13,12
8/26/2019,OY,24,27,0.955610692,C,0.0033,24,23.6,25.2,28.6,33.1,36.8,1,1,13,12
8/26/2019,OY,24,28,0.88452236,A,0.0015,24,23.8,25.9,29.9,34.4,38.3,1,1,13,12
8/26/2019,OY,24,29,0.272324211,A,0.0045,24,24.1,26.5,30.7,35.5,39.9,0,1,13,12
8/26/2019,OY,24,30,0.177081146,A,0.0037,24,24.2,27.1,31.5,37.3,41.6,0,1,13,12
8/26/2019,OY,24,31,0.111134037,A,0.0028,24,24.5,27.8,32.9,38.8,42.5,0,1,13,12
8/26/2019,OY,24,32,0.376024306,B,0.0026,24,24.6,28.4,34.3,40.5,44.8,0,1,13,12
8/26/2019,OY,24,33,0.627193351,B,0.0025,24,24.8,29.2,35.7,42.3,46.2,0,1,13,12
8/26/2019,OY,24,34,0.273547383,B,0.0023,24,25.2,29.8,36.8,44.1,48.2,0,1,13,12
8/26/2019,OY,24,35,0.494781932,B,0.0022,24,25.2,30.6,38.5,45.5,49.6,0,1,13,12
8/26/2019,OY,24,36,0.810157261,C,,24,25.5,31.6,39.7,48,51.9,,1,13,12
8/26/2019,OY,24,37,0.245688878,A,,24,25.6,32.8,41.4,49.8,53.7,,1,13,12
8/26/2019,OY,24,38,0.398666952,A,,24,26,33.3,42.8,51.7,55.8,,1,13,12
8/27/2019,BF,20,9,0.59297365,B,0.0016,20,18.4,14.9,14.3,15,16.7,1,1,30,13
8/27/2019,BF,20,10,0.170792805,A,0.001,20,18.5,15.7,14.9,15.8,17.5,1,1,30,13
8/27/2019,BF,20,11,0.314246758,B,0.0012,20,18.9,16.4,15.7,16.8,18.6,1,1,30,13
8/27/2019,BF,20,12,0.761542647,C,0.0017,20,19.5,17,16.4,17.6,19.5,1,1,30,13
8/27/2019,BF,20,13,0.899458852,C,0.0005,20,19.7,17.5,17.2,18.6,20.6,1,1,30,13
8/27/2019,BF,20,14,0.884255087,C,0.0005,20,20.1,18.1,18,19.7,21.9,1,1,30,13
8/27/2019,BF,20,15,0.158534138,A,0.0013,20,20.3,18.8,18.9,20.7,22.8,1,1,30,13
8/27/2019,BF,20,16,0.370579079,B,0.0006,20,20.6,19.2,19.5,21.6,23.9,1,1,30,13
8/27/2019,BF,20,17,0.977901197,C,0.0012,20,20.8,19.8,20.3,22.5,25.2,1,1,30,13
8/27/2019,BF,20,18,0.206604836,A,0.0005,20,21,20.3,21,23.6,26.2,1,1,30,13
8/27/2019,BF,20,19,0.834944323,C,0.001,20,21.2,20.8,21.9,24.5,27.3,1,1,30,13
8/27/2019,BF,20,20,0.803091519,B,0.0004,20,21.3,21.3,22.8,25.6,28.6,1,1,30,13
8/27/2019,BF,20,21,0.759446082,C,0.0004,20,21.6,21.8,23.5,26.7,29.6,1,1,30,13
8/27/2019,BF,20,22,0.247120875,A,0.0016,20,21.7,22.3,24.4,27.8,30.8,1,1,30,13
8/27/2019,BF,20,23,0.658551369,B,0.0006,20,21.8,23,25.3,28.8,32.4,1,1,30,13
8/27/2019,BF,20,24,0.250035866,A,0.0012,20,22.1,23.5,26.2,30.4,33.8,1,1,30,13
8/27/2019,BF,20,25,0.317172559,A,0.0007,20,22.2,23.9,27.1,31.5,34.9,1,1,30,13
8/27/2019,BF,20,26,0.36504701,B,0.0036,20,22.4,24.5,28.1,32.3,35.9,1,1,30,13
8/27/2019,BF,20,27,0.493444553,B,0.001,20,22.5,25.1,29.3,33.8,37.6,1,1,30,13
8/27/2019,BF,20,28,0.760004815,C,0.0015,20,22.9,25.8,30.1,35.2,39.1,1,1,30,13
8/27/2019,BF,20,29,0.087247061,A,0.0005,20,23.1,26.4,31.2,36.8,40.7,0,1,30,13
8/27/2019,BF,20,30,0.302836886,B,0.003,20,23.3,27.3,32.4,38.4,41.9,0,1,30,13
8/27/2019,BF,20,31,0.233873714,C,0.0032,20,23.6,27.8,33.4,39.9,43.6,0,1,30,13
8/27/2019,BF,20,32,0.426888417,C,0.0012,20,23.9,28.3,34.6,41.2,45.5,0,1,30,13
8/27/2019,BF,20,33,0.999178239,C,0.0006,20,24.2,29.3,36.1,43.2,46.7,0,1,30,13
8/27/2019,BF,20,34,0.457621964,B,0.0012,20,24.5,30.1,37.5,44.3,49,0,1,30,13
8/27/2019,BF,20,35,0.108277392,B,0.0025,20,24.7,31.1,38.5,46.6,50.4,0,1,30,13
8/27/2019,BF,20,36,0.685079256,C,0.0009,20,25,31.9,39.3,48.6,52.1,0,1,30,13
8/27/2019,BF,20,37,0.540345673,C,0.0009,20,25.2,32.5,41.5,50.7,54,0,1,30,13
8/27/2019,BF,20,38,0.700861169,C,0.0009,20,25.6,33.5,43.1,52.3,55.6,0,1,30,13
8/27/2019,HM,20,9,0.158789346,A,0.002,20,18.4,14.9,14.3,15,16.7,1,1,30,14
8/27/2019,HM,20,10,0.654914702,B,0.0013,20,18.5,15.7,14.9,15.8,17.5,1,1,30,14
8/27/2019,HM,20,11,0.22160542,A,0.0007,20,18.9,16.4,15.7,16.8,18.6,1,1,30,14
8/27/2019,HM,20,12,0.24644705,B,0.0021,20,19.5,17,16.4,17.6,19.5,1,1,30,14
8/27/2019,HM,20,13,0.684000721,B,0.0012,20,19.7,17.5,17.2,18.6,20.6,1,1,30,14
8/27/2019,HM,20,14,0.620998458,B,0.0011,20,20.1,18.1,18,19.7,21.9,1,1,30,14
8/27/2019,HM,20,15,0.604667919,C,0.0011,20,20.3,18.8,18.9,20.7,22.8,1,1,30,14
8/27/2019,HM,20,16,0.74403654,C,0.0012,20,20.6,19.2,19.5,21.6,23.9,1,1,30,14
8/27/2019,HM,20,17,0.465936646,A,0.0011,20,20.8,19.8,20.3,22.5,25.2,1,1,30,14
8/27/2019,HM,20,18,0.360391383,C,0.0023,20,21,20.3,21,23.6,26.2,1,1,30,14
8/27/2019,HM,20,19,0.767900045,B,0.001,20,21.2,20.8,21.9,24.5,27.3,1,1,30,14
8/27/2019,HM,20,20,0.598817457,A,0.0034,20,21.3,21.3,22.8,25.6,28.6,1,1,30,14
8/27/2019,HM,20,21,0.179503693,B,0.0009,20,21.6,21.8,23.5,26.7,29.6,1,1,30,14
8/27/2019,HM,20,22,0.404085089,C,0.0011,20,21.7,22.3,24.4,27.8,30.8,1,1,30,14
8/27/2019,HM,20,23,0.911183585,C,0.0016,20,21.8,23,25.3,28.8,32.4,1,1,30,14
8/27/2019,HM,20,24,0.416984862,B,0.0016,20,22.1,23.5,26.2,30.4,33.8,1,1,30,14
8/27/2019,HM,20,25,0.322870777,B,0.0029,20,22.2,23.9,27.1,31.5,34.9,1,1,30,14
8/27/2019,HM,20,26,0.600179128,C,0.0008,20,22.4,24.5,28.1,32.3,35.9,1,1,30,14
8/27/2019,HM,20,27,0.753402274,C,0.0017,20,22.5,25.1,29.3,33.8,37.6,1,1,30,14
8/27/2019,HM,20,28,0.02619533,A,0.0013,20,22.9,25.8,30.1,35.2,39.1,0,1,30,14
8/27/2019,HM,20,29,0.331646344,C,0.0024,20,23.1,26.4,31.2,36.8,40.7,0,1,30,14
8/27/2019,HM,20,30,0.63295581,C,0.0012,20,23.3,27.3,32.4,38.4,41.9,0,1,30,14
8/27/2019,HM,20,31,0.186624624,B,0.0022,20,23.6,27.8,33.4,39.9,43.6,0,1,30,14
8/27/2019,HM,20,32,0.196364493,A,0.0019,20,23.9,28.3,34.6,41.2,45.5,0,1,30,14
8/27/2019,HM,20,33,0.140126973,A,0.0016,20,24.2,29.3,36.1,43.2,46.7,0,1,30,14
8/27/2019,HM,20,34,0.786573491,C,0.0013,20,24.5,30.1,37.5,44.3,49,0,1,30,14
8/27/2019,HM,20,35,0.872949594,C,0.0014,20,24.7,31.1,38.5,46.6,50.4,0,1,30,14
8/27/2019,HM,20,36,0.084501469,A,0.0016,20,25,31.9,39.3,48.6,52.1,0,1,30,14
8/27/2019,HM,20,37,0.475028567,B,0.0014,20,25.2,32.5,41.5,50.7,54,0,1,30,14
8/27/2019,HM,20,38,0.221153015,B,0.0011,20,25.6,33.5,43.1,52.3,55.6,0,1,30,14
8/27/2019,OY,20,9,0.897686352,C,0.0012,20,18.4,14.9,14.3,15,16.7,1,1,30,15
8/27/2019,OY,20,10,0.791055638,C,0.0011,20,18.5,15.7,14.9,15.8,17.5,1,1,30,15
8/27/2019,OY,20,11,0.468858164,C,0.0009,20,18.9,16.4,15.7,16.8,18.6,1,1,30,15
8/27/2019,OY,20,12,0.082425488,A,0.0015,20,19.5,17,16.4,17.6,19.5,1,1,30,15
8/27/2019,OY,20,13,0.516624806,A,0.0012,20,19.7,17.5,17.2,18.6,20.6,1,1,30,15
8/27/2019,OY,20,14,0.069295597,A,0.0007,20,20.1,18.1,18,19.7,21.9,1,1,30,15
8/27/2019,OY,20,15,0.436694533,B,0.0015,20,20.3,18.8,18.9,20.7,22.8,1,1,30,15
8/27/2019,OY,20,16,0.049539425,A,0.001,20,20.6,19.2,19.5,21.6,23.9,1,1,30,15
8/27/2019,OY,20,17,0.861278186,B,0.0009,20,20.8,19.8,20.3,22.5,25.2,1,1,30,15
8/27/2019,OY,20,18,0.299745453,B,0.0019,20,21,20.3,21,23.6,26.2,1,1,30,15
8/27/2019,OY,20,19,0.541685045,A,0.0018,20,21.2,20.8,21.9,24.5,27.3,1,1,30,15
8/27/2019,OY,20,20,0.865610767,C,0.0008,20,21.3,21.3,22.8,25.6,28.6,1,1,30,15
8/27/2019,OY,20,21,0.107905841,A,0.0013,20,21.6,21.8,23.5,26.7,29.6,1,1,30,15
8/27/2019,OY,20,22,0.347469159,B,0.0014,20,21.7,22.3,24.4,27.8,30.8,1,1,30,15
8/27/2019,OY,20,23,0.564293866,A,0.0014,20,21.8,23,25.3,28.8,32.4,1,1,30,15
8/27/2019,OY,20,24,0.847778468,C,0.002,20,22.1,23.5,26.2,30.4,33.8,1,1,30,15
8/27/2019,OY,20,25,0.52466921,C,0.0006,20,22.2,23.9,27.1,31.5,34.9,1,1,30,15
8/27/2019,OY,20,26,0.074111205,A,0.0012,20,22.4,24.5,28.1,32.3,35.9,1,1,30,15
8/27/2019,OY,20,27,0.312187882,A,0.0019,20,22.5,25.1,29.3,33.8,37.6,1,1,30,15
8/27/2019,OY,20,28,0.54457916,B,0.0013,20,22.9,25.8,30.1,35.2,39.1,1,1,30,15
8/27/2019,OY,20,29,0.281406352,B,0.002,20,23.1,26.4,31.2,36.8,40.7,0,1,30,15
8/27/2019,OY,20,30,0.189615481,A,0.0011,20,23.3,27.3,32.4,38.4,41.9,0,1,30,15
8/27/2019,OY,20,31,0.020552314,A,0.0014,20,23.6,27.8,33.4,39.9,43.6,0,1,30,15
8/27/2019,OY,20,32,0.23394648,B,0.002,20,23.9,28.3,34.6,41.2,45.5,0,1,30,15
8/27/2019,OY,20,33,0.546671981,B,0.0009,20,24.2,29.3,36.1,43.2,46.7,0,1,30,15
8/27/2019,OY,20,34,0.380436526,A,0.0013,20,24.5,30.1,37.5,44.3,49,0,1,30,15
8/27/2019,OY,20,35,0.006594102,A,0.001,20,24.7,31.1,38.5,46.6,50.4,0,1,30,15
8/27/2019,OY,20,36,0.308101067,B,0.0017,20,25,31.9,39.3,48.6,52.1,0,1,30,15
8/27/2019,OY,20,37,0.31916526,A,0.0013,20,25.2,32.5,41.5,50.7,54,0,1,30,15
8/27/2019,OY,20,38,0.156614459,A,0.001,20,25.6,33.5,43.1,52.3,55.6,0,1,30,15
8/28/2019,BF,20,9,0.157727304,B,0.0007,20,17.7,15.2,14.9,15.9,17,1,1,30,16
8/28/2019,BF,20,10,0.381864032,A,0.0032,20,18.1,15.7,15.7,16.6,17.8,1,1,30,16
8/28/2019,BF,20,11,0.318075065,A,0.0015,20,18.9,16.3,16.4,17.6,18.8,1,1,30,16
8/28/2019,BF,20,12,0.332273537,A,0.0028,20,19.5,17.1,17.2,18.5,20.1,1,1,30,16
8/28/2019,BF,20,13,0.896449644,C,0.0014,20,20,17.6,18,19.5,21.2,1,1,30,16
8/28/2019,BF,20,14,0.031835762,A,0.0016,20,20.4,18.2,18.8,20.4,22,1,1,30,16
8/28/2019,BF,20,15,0.538653321,B,0.0014,20,20.8,18.7,19.5,21.3,23.3,1,1,30,16
8/28/2019,BF,20,16,0.403915396,A,0.0023,20,21.1,19.3,20.3,22.2,24.6,1,1,30,16
8/28/2019,BF,20,17,0.082760896,A,0.0023,20,21.5,19.9,21.1,23.1,25.5,1,1,30,16
8/28/2019,BF,20,18,0.454842666,B,0.0016,20,21.8,20.4,21.9,24.2,26.9,1,1,30,16
8/28/2019,BF,20,19,0.509704296,A,0.0046,20,22,21,22.8,25.1,28,1,1,30,16
8/28/2019,BF,20,20,0.091277299,A,0.0024,20,22.3,21.4,23.4,26.4,29,1,1,30,16
8/28/2019,BF,20,21,0.408685796,B,0.0019,20,22.5,22,24.2,27.2,30.2,1,1,30,16
8/28/2019,BF,20,22,0.927810072,C,0.0013,20,22.7,22.5,25.1,28.3,31.3,1,1,30,16
8/28/2019,BF,20,23,0.60736435,C,0.0017,20,23,23.2,25.8,29.4,32.6,1,1,30,16
8/28/2019,BF,20,24,0.255461763,B,0.0024,20,23.2,23.9,27,30.7,33.9,1,1,30,16
8/28/2019,BF,20,25,0.190586307,A,0.0011,20,23.3,24.4,27.8,31.5,35.3,1,1,30,16
8/28/2019,BF,20,26,0.530782391,C,0.0011,20,23.6,25,28.8,32.8,36.6,1,1,30,16
8/28/2019,BF,20,27,0.570756689,C,0.002,20,23.8,25.5,29.6,34.6,37.9,1,1,30,16
8/28/2019,BF,20,28,0.972567153,C,0.0008,20,23.9,26.1,30.9,36,39.3,0,1,30,16
8/28/2019,BF,20,29,0.850318617,C,0.0015,20,24.1,26.8,31.6,37,40.9,0,1,30,16
8/28/2019,BF,20,30,0.692892447,B,0.0012,20,24.4,27.5,32.6,38.4,42.5,0,1,30,16
8/28/2019,BF,20,31,0.718984152,A,0.0028,20,24.5,28.1,34,40,44,0,1,30,16
8/28/2019,BF,20,32,0.682362387,A,0.0007,20,248,28.8,34.9,41.9,45.5,0,1,30,16
8/28/2019,BF,20,33,0.578419193,C,0.0016,20,24.9,29.7,36.5,43.4,47.2,0,1,30,16
8/28/2019,BF,20,34,0.045001886,A,0.001,20,25.2,30.5,37.8,45,49.1,0,1,30,16
8/28/2019,BF,20,35,0.152110394,A,0.0012,20,25.4,31.2,38.8,46.8,50.8,0,1,30,16
8/28/2019,BF,20,36,0.598745871,B,0.0011,20,25.7,32.1,40.3,48.7,52.9,0,1,30,16
8/28/2019,BF,20,37,0.962829626,C,0.0009,20,25.8,32,42.1,50.5,55,0,1,30,16
8/28/2019,BF,20,38,0.398029222,B,0.0008,20,26,33.8,43.5,52.4,56.5,0,1,30,16
8/28/2019,HM,20,9,0.211686479,C,0.002,20,17.7,15.2,14.9,15.9,17,1,1,30,17
8/28/2019,HM,20,10,0.613503937,B,0.0015,20,18.1,15.7,15.7,16.6,17.8,1,1,30,17
8/28/2019,HM,20,11,0.642934312,B,0.0016,20,18.9,16.3,16.4,17.6,18.8,1,1,30,17
8/28/2019,HM,20,12,0.774500052,C,0.0021,20,19.5,17.1,17.2,18.5,20.1,1,1,30,17
8/28/2019,HM,20,13,0.746983588,B,0.0012,20,20,17.6,18,19.5,21.2,1,1,30,17
8/28/2019,HM,20,14,0.749310063,C,0.0018,20,20.4,18.2,18.8,20.4,22,1,1,30,17
8/28/2019,HM,20,15,0.28916331,A,0.0021,20,20.8,18.7,19.5,21.3,23.3,1,1,30,17
8/28/2019,HM,20,16,0.72291661,C,0.0023,20,21.1,19.3,20.3,22.2,24.6,1,1,30,17
8/28/2019,HM,20,17,0.981156643,C,0.0016,20,21.5,19.9,21.1,23.1,25.5,1,1,30,17
8/28/2019,HM,20,18,0.89550921,C,0.0016,20,21.8,20.4,21.9,24.2,26.9,1,1,30,17
8/28/2019,HM,20,19,0.568798336,B,0.0019,20,22,21,22.8,25.1,28,1,1,30,17
8/28/2019,HM,20,20,0.290460647,B,0.0011,20,22.3,21.4,23.4,26.4,29,1,1,30,17
8/28/2019,HM,20,21,0.619403213,C,0.0019,20,22.5,22,24.2,27.2,30.2,1,1,30,17
8/28/2019,HM,20,22,0.555946907,B,0.002,20,22.7,22.5,25.1,28.3,31.3,1,1,30,17
8/28/2019,HM,20,23,0.319083006,B,0.0007,20,23,23.2,25.8,29.4,32.6,1,1,30,17
8/28/2019,HM,20,24,0.021867117,A,0.0017,20,23.2,23.9,27,30.7,33.9,1,1,30,17
8/28/2019,HM,20,25,0.679910282,C,0.0016,20,23.3,24.4,27.8,31.5,35.3,1,1,30,17
8/28/2019,HM,20,26,0.12979768,A,0.0009,20,23.6,25,28.8,32.8,36.6,1,1,30,17
8/28/2019,HM,20,27,0.448988026,B,0.0019,20,23.8,25.5,29.6,34.6,37.9,1,1,30,17
8/28/2019,HM,20,28,0.393187827,B,0.0013,20,23.9,26.1,30.9,36,39.3,1,1,30,17
8/28/2019,HM,20,29,0.533771245,A,0.0011,20,24.1,26.8,31.6,37,40.9,0,1,30,17
8/28/2019,HM,20,30,0.988283427,C,0.0016,20,24.4,27.5,32.6,38.4,42.5,0,1,30,17
8/28/2019,HM,20,31,0.771163767,B,0.0016,20,24.5,28.1,34,40,44,0,1,30,17
8/28/2019,HM,20,32,0.808604102,C,0.0012,20,248,28.8,34.9,41.9,45.5,0,1,30,17
8/28/2019,HM,20,33,0.190759778,A,0.0013,20,24.9,29.7,36.5,43.4,47.2,0,1,30,17
8/28/2019,HM,20,34,0.712632968,C,0.0014,20,25.2,30.5,37.8,45,49.1,0,1,30,17
8/28/2019,HM,20,35,0.872997512,B,0.0021,20,25.4,31.2,38.8,46.8,50.8,0,1,30,17
8/28/2019,HM,20,36,0.663408055,C,0.0011,20,25.7,32.1,40.3,48.7,52.9,0,1,30,17
8/28/2019,HM,20,37,0.883756445,B,0.0015,20,25.8,32,42.1,50.5,55,0,1,30,17
8/28/2019,HM,20,38,0.949637773,C,0.0007,20,26,33.8,43.5,52.4,56.5,0,1,30,17
8/28/2019,TO,20,9,0.089374409,A,0.0019,20,17.7,15.2,14.9,15.9,17,1,1,30,18
8/28/2019,TO,20,10,0.678997474,C,0.0015,20,18.1,15.7,15.7,16.6,17.8,1,1,30,18
8/28/2019,TO,20,11,0.824485355,C,0.0014,20,18.9,16.3,16.4,17.6,18.8,1,1,30,18
8/28/2019,TO,20,12,0.410871371,B,0.002,20,19.5,17.1,17.2,18.5,20.1,1,1,30,18
8/28/2019,TO,20,13,0.625312021,A,0.0021,20,20,17.6,18,19.5,21.2,1,1,30,18
8/28/2019,TO,20,14,0.721944136,B,0.0008,20,20.4,18.2,18.8,20.4,22,1,1,30,18
8/28/2019,TO,20,15,0.555462896,C,0.0017,20,20.8,18.7,19.5,21.3,23.3,1,1,30,18
8/28/2019,TO,20,16,0.548195487,B,0.0017,20,21.1,19.3,20.3,22.2,24.6,1,1,30,18
8/28/2019,TO,20,17,0.209576835,B,0.0013,20,21.5,19.9,21.1,23.1,25.5,1,1,30,18
8/28/2019,TO,20,18,0.092941375,A,0.0014,20,21.8,20.4,21.9,24.2,26.9,1,1,30,18
8/28/2019,TO,20,19,0.945328621,C,0.0011,20,22,21,22.8,25.1,28,1,1,30,18
8/28/2019,TO,20,20,0.879169379,C,0.0009,20,22.3,21.4,23.4,26.4,29,1,1,30,18
8/28/2019,TO,20,21,0.135122058,A,0.002,20,22.5,22,24.2,27.2,30.2,1,1,30,18
8/28/2019,TO,20,22,0.441223453,A,0.001,20,22.7,22.5,25.1,28.3,31.3,1,1,30,18
8/28/2019,TO,20,23,0.074147302,A,0.0013,20,23,23.2,25.8,29.4,32.6,1,1,30,18
8/28/2019,TO,20,24,0.381567124,C,0.0013,20,23.2,23.9,27,30.7,33.9,1,1,30,18
8/28/2019,TO,20,25,0.284682512,B,0.0008,20,23.3,24.4,27.8,31.5,35.3,1,1,30,18
8/28/2019,TO,20,26,0.504453492,B,0.0008,20,23.6,25,28.8,32.8,36.6,1,1,30,18
8/28/2019,TO,20,27,0.281854171,A,0.0013,20,23.8,25.5,29.6,34.6,37.9,1,1,30,18
8/28/2019,TO,20,28,0.219886034,A,0.0013,20,23.9,26.1,30.9,36,39.3,0,1,30,18
8/28/2019,TO,20,29,0.608356345,B,0.0026,20,24.1,26.8,31.6,37,40.9,0,1,30,18
8/28/2019,TO,20,30,0.058680617,A,0.0017,20,24.4,27.5,32.6,38.4,42.5,0,1,30,18
8/28/2019,TO,20,31,0.926592655,C,0.0013,20,24.5,28.1,34,40,44,0,1,30,18
8/28/2019,TO,20,32,0.781337224,B,0.0015,20,248,28.8,34.9,41.9,45.5,0,1,30,18
8/28/2019,TO,20,33,0.457507579,B,0.0008,20,24.9,29.7,36.5,43.4,47.2,0,1,30,18
8/28/2019,TO,20,34,0.669080233,B,0.001,20,25.2,30.5,37.8,45,49.1,0,1,30,18
8/28/2019,TO,20,35,0.994597363,C,0.001,20,25.4,31.2,38.8,46.8,50.8,0,1,30,18
8/28/2019,TO,20,36,0.59573905,A,0.0015,20,25.7,32.1,40.3,48.7,52.9,0,1,30,18
8/28/2019,TO,20,37,0.275466773,A,0.0008,20,25.8,32,42.1,50.5,55,0,1,30,18
8/28/2019,TO,20,38,0.395233669,A,0.0012,20,26,33.8,43.5,52.4,56.5,0,1,30,18
8/29/2019,GB,20,9,0.555143299,A,0.0023,20,17.6,14.3,15,16.3,17.6,1,1,30,19
8/29/2019,GB,20,10,0.011588004,A,0.002,20,18.3,15.2,15.5,16.9,18.4,1,1,30,19
8/29/2019,GB,20,11,0.118190024,C,0.0017,20,18.8,15.8,16.3,18.1,19.7,1,1,30,19
8/29/2019,GB,20,12,0.074864038,A,0.0012,20,19.6,16.6,17.1,19.3,20.7,1,1,30,19
8/29/2019,GB,20,13,0.377710719,B,0.0025,20,20.2,17.1,18,20.2,21.7,1,1,30,19
8/29/2019,GB,20,14,0.254223474,A,0.0009,20,20.4,17.8,18.8,21,22.8,1,1,30,19
8/29/2019,GB,20,15,0.785762124,C,0.0012,20,20.9,18.4,19.5,21.9,23.9,1,1,30,19
8/29/2019,GB,20,16,0.458977764,C,0.001,20,21.2,18.9,20.3,23,25.2,1,1,30,19
8/29/2019,GB,20,17,0.226156167,A,0.0011,20,21.5,19.5,21.2,23.9,25.9,1,1,30,19
8/29/2019,GB,20,18,0.273990749,B,0.0022,20,21.9,20.1,21.9,24.9,27.4,1,1,30,19
8/29/2019,GB,20,19,0.140473101,A,0.0012,20,22.2,20.7,22.6,26,28.4,1,1,30,19
8/29/2019,GB,20,20,0.642217819,C,0.0011,20,22.4,21.2,23.5,27.2,29.4,1,1,30,19
8/29/2019,GB,20,21,0.650642101,B,0.0022,20,22.6,21.8,24.3,28.2,30.8,1,1,30,19
8/29/2019,GB,20,22,0.12480322,B,0.0027,20,22.9,22.3,25.2,29.3,32,1,1,30,19
8/29/2019,GB,20,23,0.015775887,A,0.001,20,23.1,23,26,30.6,33.3,1,1,30,19
8/29/2019,GB,20,24,0.213997292,A,0.0019,20,23.3,23.5,26.8,31.8,34.3,1,1,30,19
8/29/2019,GB,20,25,0.209409901,B,0.0016,20,23.5,24,27.9,33.1,35.6,1,1,30,19
8/29/2019,GB,20,26,0.438877401,A,0.0013,20,23.7,24.6,28.9,34.1,37,1,1,30,19
8/29/2019,GB,20,27,0.595115198,B,0.0015,20,23.9,25.3,29.6,35.4,38.4,1,1,30,19
8/29/2019,GB,20,28,0.365773979,A,0.001,20,24,25.9,31,36.3,40,0,1,30,19
8/29/2019,GB,20,29,0.163484849,A,0.0011,20,24.2,26.6,31.6,38,41.3,0,1,30,19
8/29/2019,GB,20,30,0.874814865,C,0.0013,20,24.4,27.3,32.8,39.5,42.9,0,1,30,19
8/29/2019,GB,20,31,0.730732513,B,0.0012,20,24.6,28.2,34,40.6,44.3,0,1,30,19
8/29/2019,GB,20,32,0.047277823,A,0.0014,20,24.8,28.6,35,42.3,46.1,0,1,30,19
8/29/2019,GB,20,33,0.427074962,A,0.0013,20,25,29.5,36.8,43.8,47.6,0,1,30,19
8/29/2019,GB,20,34,0.698258905,B,0.0026,20,25.2,30.5,37.9,45.5,49.3,0,1,30,19
8/29/2019,GB,20,35,0.249629594,A,0.0029,20,25.3,31.3,38.8,46.9,50.9,0,1,30,19
8/29/2019,GB,20,36,0.665468959,C,0.0011,20,25.5,32.2,39.9,48.6,52.9,0,1,30,19
8/29/2019,GB,20,37,0.07521423,A,0.0006,20,25.8,32.9,41.9,50.6,54.5,0,1,30,19
8/29/2019,GB,20,38,0.989487631,C,0.0013,20,25.9,33.6,43.4,52.2,56.6,0,1,30,19
8/29/2019,OY,20,9,0.648818454,C,0.0009,20,17.6,14.3,15,16.3,17.6,1,1,30,20
8/29/2019,OY,20,10,0.082103021,C,0.0021,20,18.3,15.2,15.5,16.9,18.4,1,1,30,20
8/29/2019,OY,20,11,0.080147186,B,0.0017,20,18.8,15.8,16.3,18.1,19.7,1,1,30,20
8/29/2019,OY,20,12,0.315808172,B,0.0008,20,19.6,16.6,17.1,19.3,20.7,1,1,30,20
8/29/2019,OY,20,13,0.125827634,A,0.0025,20,20.2,17.1,18,20.2,21.7,1,1,30,20
8/29/2019,OY,20,14,0.962829852,C,0.002,20,20.4,17.8,18.8,21,22.8,1,1,30,20
8/29/2019,OY,20,15,0.500990037,A,0.0012,20,20.9,18.4,19.5,21.9,23.9,1,1,30,20
8/29/2019,OY,20,16,0.035079594,A,0.0009,20,21.2,18.9,20.3,23,25.2,1,1,30,20
8/29/2019,OY,20,17,0.413386931,B,0.002,20,21.5,19.5,21.2,23.9,25.9,1,1,30,20
8/29/2019,OY,20,18,0.375944067,C,0.0006,20,21.9,20.1,21.9,24.9,27.4,1,1,30,20
8/29/2019,OY,20,19,0.35744324,B,0.0019,20,22.2,20.7,22.6,26,28.4,1,1,30,20
8/29/2019,OY,20,20,0.393876586,A,0.0012,20,22.4,21.2,23.5,27.2,29.4,1,1,30,20
8/29/2019,OY,20,21,0.12112123,A,0.0021,20,22.6,21.8,24.3,28.2,30.8,1,1,30,20
8/29/2019,OY,20,22,0.073372135,A,0.0025,20,22.9,22.3,25.2,29.3,32,1,1,30,20
8/29/2019,OY,20,23,0.530659675,C,0.0018,20,23.1,23,26,30.6,33.3,1,1,30,20
8/29/2019,OY,20,24,0.348381704,B,0.0011,20,23.3,23.5,26.8,31.8,34.3,1,1,30,20
8/29/2019,OY,20,25,0.132977532,A,0.0018,20,23.5,24,27.9,33.1,35.6,1,1,30,20
8/29/2019,OY,20,26,0.63051753,B,0.0017,20,23.7,24.6,28.9,34.1,37,1,1,30,20
8/29/2019,OY,20,27,0.65175849,C,0.0016,20,23.9,25.3,29.6,35.4,38.4,1,1,30,20
8/29/2019,OY,20,28,0.372377355,B,0.0012,20,24,25.9,31,36.3,40,0,1,30,20
8/29/2019,OY,20,29,0.301926169,B,0.0018,20,24.2,26.6,31.6,38,41.3,0,1,30,20
8/29/2019,OY,20,30,0.698304497,B,0.0012,20,24.4,27.3,32.8,39.5,42.9,0,1,30,20
8/29/2019,OY,20,31,0.593524147,A,0.0004,20,24.6,28.2,34,40.6,44.3,0,1,30,20
8/29/2019,OY,20,32,0.785641546,C,0.0004,20,24.8,28.6,35,42.3,46.1,0,1,30,20
8/29/2019,OY,20,33,0.919530342,C,0.0014,20,25,29.5,36.8,43.8,47.6,0,1,30,20
8/29/2019,OY,20,34,0.833617665,C,0.0004,20,25.2,30.5,37.9,45.5,49.3,0,1,30,20
8/29/2019,OY,20,35,0.440785415,C,0.0012,20,25.3,31.3,38.8,46.9,50.9,0,1,30,20
8/29/2019,OY,20,36,0.481666559,B,0.002,20,25.5,32.2,39.9,48.6,52.9,0,1,30,20
8/29/2019,OY,20,37,0.638129474,B,0.0018,20,25.8,32.9,41.9,50.6,54.5,0,1,30,20
8/29/2019,OY,20,38,0.551353554,B,0.0011,20,25.9,33.6,43.4,52.2,56.6,0,1,30,20
8/29/2019,TO,20,9,0.5940959,B,0.0019,20,17.6,14.3,15,16.3,17.6,1,1,28,21
8/29/2019,TO,20,10,0.050423152,B,0.0018,20,18.3,15.2,15.5,16.9,18.4,1,1,28,21
8/29/2019,TO,20,11,0.075324593,A,0.0009,20,18.8,15.8,16.3,18.1,19.7,1,1,28,21
8/29/2019,TO,20,12,0.329464723,C,0.0016,20,19.6,16.6,17.1,19.3,20.7,1,1,28,21
8/29/2019,TO,20,13,0.743637705,C,0.0018,20,20.2,17.1,18,20.2,21.7,1,1,28,21
8/29/2019,TO,20,14,0.946641451,B,0.0015,20,20.4,17.8,18.8,21,22.8,1,1,28,21
8/29/2019,TO,20,15,0.742652555,B,0.0024,20,20.9,18.4,19.5,21.9,23.9,1,1,28,21
8/29/2019,TO,20,16,0.279831934,B,0.0008,20,21.2,18.9,20.3,23,25.2,1,1,28,21
8/29/2019,TO,20,17,0.817972503,C,0.0021,20,21.5,19.5,21.2,23.9,25.9,1,1,28,21
8/29/2019,TO,20,18,0.267132181,A,0.0019,20,21.9,20.1,21.9,24.9,27.4,1,1,28,21
8/29/2019,TO,20,19,0.447667629,C,0.0021,20,22.2,20.7,22.6,26,28.4,1,1,28,21
8/29/2019,TO,20,20,0.507458467,B,0.0013,20,22.4,21.2,23.5,27.2,29.4,1,1,28,21
8/29/2019,TO,20,21,0.78372294,C,0.0016,20,22.6,21.8,24.3,28.2,30.8,1,1,28,21
8/29/2019,TO,20,22,0.584512645,C,0.0011,20,22.9,22.3,25.2,29.3,32,1,1,28,21
8/29/2019,TO,20,23,0.177830426,B,0.0007,20,23.1,23,26,30.6,33.3,1,1,28,21
8/29/2019,TO,20,24,0.565771708,C,0.0008,20,23.3,23.5,26.8,31.8,34.3,1,1,28,21
8/29/2019,TO,20,25,0.954927587,C,0.0012,20,23.5,24,27.9,33.1,35.6,1,1,28,21
8/29/2019,TO,20,26,0.632235172,C,0.0018,20,23.7,24.6,28.9,34.1,37,1,1,28,21
8/29/2019,TO,20,27,0.143974727,A,0.0012,20,23.9,25.3,29.6,35.4,38.4,1,1,28,21
8/29/2019,TO,20,28,0.504520132,C,0.0016,20,24,25.9,31,36.3,40,0,1,28,21
8/29/2019,TO,20,29,0.345062255,C,0.0018,20,24.2,26.6,31.6,38,41.3,0,1,28,21
8/29/2019,TO,20,30,0.403797081,A,0.0014,20,24.4,27.3,32.8,39.5,42.9,0,1,28,21
8/29/2019,TO,20,31,0.826734879,C,0.0015,20,24.6,28.2,34,40.6,44.3,0,1,28,21
8/29/2019,TO,20,32,0.413391362,B,0.0016,20,24.8,28.6,35,42.3,46.1,0,1,28,21
8/29/2019,TO,20,33,0.721158984,B,0.0026,20,25,29.5,36.8,43.8,47.6,0,1,28,21
8/29/2019,TO,20,34,0.523824214,A,0.0008,20,25.2,30.5,37.9,45.5,49.3,0,1,28,21
8/29/2019,TO,20,35,0.419420302,B,0.0009,20,25.3,31.3,38.8,46.9,50.9,0,1,28,21
8/29/2019,TO,20,36,0.242221611,A,0.0006,20,25.5,32.2,39.9,48.6,52.9,0,1,28,21
8/29/2019,TO,20,37,0.640487771,C,,20,25.8,32.9,41.9,50.6,54.5,,1,28,21
8/29/2019,TO,20,38,0.525319817,A,,20,25.9,33.6,43.4,52.2,56.6,,1,28,21
8/31/2019,GB,20,9,0.635463518,A,0.0032,20,19.5,15,14.5,15,16.3,1,1,30,22
8/31/2019,FB,20,10,0.003412842,A,0.0009,20,19.9,15.4,15.2,15.9,17.5,1,1,30,23
8/31/2019,GB,20,11,0.331643585,A,0.0018,20,20.6,16,15.9,16.9,18.6,1,1,30,22
8/31/2019,WH,20,12,0.293255938,A,0.0041,20,21.2,16.8,16.7,17.8,19.6,1,1,30,24
8/31/2019,WH,20,13,0.001435744,A,0.0034,20,21.8,17.4,17.5,18.8,20.8,1,1,30,24
8/31/2019,WH,20,14,0.117551294,A,0.0022,20,22.2,18,18.3,19.8,21.9,1,1,30,24
8/31/2019,WH,20,15,0.00759137,A,0.0015,20,22.6,18.9,19,20.7,23,1,1,30,24
8/31/2019,FB,20,16,0.031468425,A,0.0011,20,22.9,19.3,19.9,21.8,24.2,1,1,30,23
8/31/2019,WH,20,17,0.259018526,A,0.0031,20,23.2,19.9,20.8,22.7,25.2,1,1,30,24
8/31/2019,GB,20,18,0.400730717,A,0.0029,20,23.5,20.5,21.5,23.6,26.4,1,1,30,22
8/31/2019,FB,20,19,0.53749445,A,0.0011,20,23.7,21,22.3,24.6,27.5,1,1,30,23
8/31/2019,FB,20,20,0.197856346,A,0.0008,20,23.9,21.8,23.2,25.6,28.7,1,1,30,23
8/31/2019,GB,20,21,0.115434978,A,0.0022,20,24,22.3,24,26.8,29.8,1,1,30,22
8/31/2019,FB,20,22,0.190581288,A,0.001,20,24.3,22.8,24.8,27.8,31,1,1,30,23
8/31/2019,GB,20,23,0.700445481,A,0.0011,20,24.5,23.3,25.7,29,32.2,1,1,30,22
8/31/2019,FB,20,24,0.461004694,A,0.0008,20,24.6,24,26.5,30.3,33.5,1,1,30,23
8/31/2019,WH,20,25,0.071218593,A,0.0023,20,24.7,24.5,27.6,31.4,34.8,1,1,30,24
8/31/2019,GB,20,26,0.488344732,A,0.0032,20,24.9,25.2,28.4,32.7,36.4,1,1,30,22
8/31/2019,FB,20,27,0.002293021,A,0.0008,20,25,25.8,29.3,34,37.8,1,1,30,23
8/31/2019,FB,20,28,0.217518283,A,0.0009,20,25.2,26.3,30.3,35.3,39.3,0,1,30,23
8/31/2019,WH,20,29,0.514678073,A,0.0019,20,25.3,27,31.7,36.5,40.8,0,1,30,24
8/31/2019,FB,20,30,0.199798266,A,0.0009,20,25.4,27.6,32.7,38,42.2,0,1,30,23
8/31/2019,WH,20,31,0.692789505,A,0.0012,20,25.5,28.5,34,39.8,43.8,0,1,30,24
8/31/2019,FB,20,32,0.110855831,A,0.0009,20,25.6,29.2,35,41.5,45.5,0,1,30,23
8/31/2019,GB,20,33,0.312349366,A,0.0012,20,25.8,29.9,35.8,43.3,47.2,0,1,30,22
8/31/2019,FB,20,34,0.048586649,A,0.0011,20,25.8,30.6,37.4,44.8,48.9,0,1,30,23
8/31/2019,FB,20,35,0.600952196,A,0.0012,20,25.9,31.3,39,46.6,50.4,0,1,30,23
8/31/2019,WH,20,36,0.343971506,A,0.0027,20,26,32,40.5,48.2,52.4,0,1,30,24
8/31/2019,FB,20,37,0.440980084,A,0.0011,20,26.2,33.2,41.3,50.2,54.6,0,1,30,23
8/31/2019,FB,20,38,0.579025379,A,0.0009,20,26.2,33.7,42.9,51.4,56.2,0,1,30,23
8/31/2019,FB,20,9,0.741681155,B,0.001,20,19.5,15,14.5,15,16.3,1,1,30,23
8/31/2019,GB,20,10,0.033845539,B,0.0011,20,19.9,15.4,15.2,15.9,17.5,1,1,30,22
8/31/2019,FB,20,11,0.776524214,B,0.0008,20,20.6,16,15.9,16.9,18.6,1,1,30,23
8/31/2019,FB,20,12,0.431739452,B,0.0006,20,21.2,16.8,16.7,17.8,19.6,1,1,30,23
8/31/2019,FB,20,13,0.207610127,B,0.001,20,21.8,17.4,17.5,18.8,20.8,1,1,30,23
8/31/2019,FB,20,14,0.691002582,B,0.001,20,22.2,18,18.3,19.8,21.9,1,1,30,23
8/31/2019,GB,20,15,0.237883594,B,0.0006,20,22.6,18.9,19,20.7,23,1,1,30,22
8/31/2019,GB,20,16,0.368106479,B,0.0015,20,22.9,19.3,19.9,21.8,24.2,1,1,30,22
8/31/2019,GB,20,17,0.473227134,B,0.0027,20,23.2,19.9,20.8,22.7,25.2,1,1,30,22
8/31/2019,FB,20,18,0.46780227,B,0.0012,20,23.5,20.5,21.5,23.6,26.4,1,1,30,23
8/31/2019,GB,20,19,0.697174496,B,0.0023,20,23.7,21,22.3,24.6,27.5,1,1,30,22
8/31/2019,WH,20,20,0.486021759,B,0.0006,20,23.9,21.8,23.2,25.6,28.7,1,1,30,24
8/31/2019,FB,20,21,0.380972493,B,0.0011,20,24,22.3,24,26.8,29.8,1,1,30,23
8/31/2019,WH,20,22,0.331338746,B,0.0022,20,24.3,22.8,24.8,27.8,31,1,1,30,24
8/31/2019,FB,20,23,0.840357638,B,0.0012,20,24.5,23.3,25.7,29,32.2,1,1,30,23
8/31/2019,WH,20,24,0.803601434,B,0.0016,20,24.6,24,26.5,30.3,33.5,1,1,30,24
8/31/2019,GB,20,25,0.259805197,B,0.0017,20,24.7,24.5,27.6,31.4,34.8,1,1,30,22
8/31/2019,FB,20,26,0.504940799,B,0.0011,20,24.9,25.2,28.4,32.7,36.4,1,1,30,23
8/31/2019,GB,20,27,0.332313573,B,0.0029,20,25,25.8,29.3,34,37.8,1,1,30,22
8/31/2019,WH,20,28,0.572360122,B,0.0036,20,25.2,26.3,30.3,35.3,39.3,1,1,30,24
8/31/2019,GB,20,29,0.673893366,B,0.002,20,25.3,27,31.7,36.5,40.8,0,1,30,22
8/31/2019,GB,20,30,0.487705725,B,0.0014,20,25.4,27.6,32.7,38,42.2,0,1,30,22
8/31/2019,GB,20,31,0.828616486,B,0.0022,20,25.5,28.5,34,39.8,43.8,0,1,30,22
8/31/2019,WH,20,32,0.44862205,B,0.0017,20,25.6,29.2,35,41.5,45.5,0,1,30,24
8/31/2019,FB,20,33,0.328086764,B,0.0006,20,25.8,29.9,35.8,43.3,47.2,0,1,30,23
8/31/2019,WH,20,34,0.17272698,B,0.0015,20,25.8,30.6,37.4,44.8,48.9,0,1,30,24
8/31/2019,GB,20,35,0.631857414,B,0.0014,20,25.9,31.3,39,46.6,50.4,0,1,30,22
8/31/2019,GB,20,36,0.595052651,B,0.0019,20,26,32,40.5,48.2,52.4,0,1,30,22
8/31/2019,WH,20,37,0.7636736,B,0.0036,20,26.2,33.2,41.3,50.2,54.6,0,1,30,24
8/31/2019,WH,20,38,0.661773493,B,0.0024,20,26.2,33.7,42.9,51.4,56.2,0,1,30,24
8/31/2019,WH,20,9,0.913234062,C,0.0043,20,19.5,15,14.5,15,16.3,1,1,30,24
8/31/2019,WH,20,10,0.574757914,C,0.0016,20,19.9,15.4,15.2,15.9,17.5,1,1,30,24
8/31/2019,WH,20,11,0.966249794,C,0.0021,20,20.6,16,15.9,16.9,18.6,1,1,30,24
8/31/2019,GB,20,12,0.99242424,C,0.0021,20,21.2,16.8,16.7,17.8,19.6,1,1,30,22
8/31/2019,GB,20,13,0.598842831,C,0.0012,20,21.8,17.4,17.5,18.8,20.8,1,1,30,22
8/31/2019,GB,20,14,0.90942399,C,0.0013,20,22.2,18,18.3,19.8,21.9,1,1,30,22
8/31/2019,FB,20,15,0.555387746,C,0.0008,20,22.6,18.9,19,20.7,23,1,1,30,23
8/31/2019,WH,20,16,0.670563254,C,0.0021,20,22.9,19.3,19.9,21.8,24.2,0,1,30,24
8/31/2019,FB,20,17,0.846698191,C,0.0012,20,23.2,19.9,20.8,22.7,25.2,1,1,30,23
8/31/2019,WH,20,18,0.600578628,C,0.0023,20,23.5,20.5,21.5,23.6,26.4,1,1,30,24
8/31/2019,WH,20,19,0.875889211,C,0.0042,20,23.7,21,22.3,24.6,27.5,1,1,30,24
8/31/2019,GB,20,20,0.570359747,C,0.0015,20,23.9,21.8,23.2,25.6,28.7,1,1,30,22
8/31/2019,WH,20,21,0.834427247,C,0.0031,20,24,22.3,24,26.8,29.8,1,1,30,24
8/31/2019,GB,20,22,0.485427564,C,0.0017,20,24.3,22.8,24.8,27.8,31,1,1,30,22
8/31/2019,WH,20,23,0.887512752,C,0.0021,20,24.5,23.3,25.7,29,32.2,1,1,30,24
8/31/2019,GB,20,24,0.881008332,C,0.0026,20,24.6,24,26.5,30.3,33.5,1,1,30,22
8/31/2019,FB,20,25,0.891697338,C,0.0012,20,24.7,24.5,27.6,31.4,34.8,1,1,30,23
8/31/2019,WH,20,26,0.772639356,C,0.0021,20,24.9,25.2,28.4,32.7,36.4,1,1,30,24
8/31/2019,WH,20,27,0.51758098,C,0.002,20,25,25.8,29.3,34,37.8,1,1,30,24
8/31/2019,GB,20,28,0.619461717,C,0.0015,20,25.2,26.3,30.3,35.3,39.3,1,1,30,22
8/31/2019,FB,20,29,0.917875267,C,0.0013,20,25.3,27,31.7,36.5,40.8,0,1,30,23
8/31/2019,WH,20,30,0.582563557,C,0.0025,20,25.4,27.6,32.7,38,42.2,0,1,30,24
8/31/2019,FB,20,31,0.986231116,C,0.001,20,25.5,28.5,34,39.8,43.8,0,1,30,23
8/31/2019,GB,20,32,0.968705057,C,0.0011,20,25.6,29.2,35,41.5,45.5,0,1,30,22
8/31/2019,WH,20,33,0.482300065,C,0.0023,20,25.8,29.9,35.8,43.3,47.2,0,1,30,24
8/31/2019,GB,20,34,0.959078713,C,0.0012,20,25.8,30.6,37.4,44.8,48.9,0,1,30,22
8/31/2019,WH,20,35,0.664366505,C,0.0031,20,25.9,31.3,39,46.6,50.4,0,1,30,24
8/31/2019,FB,20,36,0.892469427,C,0.0012,20,26,32,40.5,48.2,52.4,0,1,30,23
8/31/2019,GB,20,37,0.946285018,C,0.0013,20,26.2,33.2,41.3,50.2,54.6,0,1,30,22
8/31/2019,GB,20,38,0.976735573,C,0.0016,20,26.2,33.7,42.9,51.4,56.2,0,1,30,22
9/1/2019,WH,20,9,0.050215927,A,0.0016,20,19.8,16.2,13.9,15,16.5,1,1,30,26
9/1/2019,WH,20,10,0.37347882,A,0.0009,20,20.1,16.8,15.3,15.6,17.2,1,1,30,26
9/1/2019,FB,20,11,0.411882224,A,0.0011,20,20.6,17.2,16,16.6,18.3,1,1,30,25
9/1/2019,WH,20,12,0.629326389,A,0.0015,20,21,18,16.8,17.9,19.5,1,1,30,26
9/1/2019,WH,20,13,0.100785536,A,0.0011,20,21.5,18.8,17.5,18.8,20.6,1,1,30,26
9/1/2019,WH,20,16,0.333700686,A,0.0011,20,22.3,20.3,20,21.6,24,1,1,30,26
9/1/2019,WH,20,18,0.10018179,A,0.0013,20,22.7,21.3,21.6,23.6,26.2,1,1,30,26
9/1/2019,FB,20,19,0.508926918,A,0.0013,20,22.9,21.9,22.5,24.7,27.3,1,1,30,25
9/1/2019,WH,20,21,0.179675207,A,0.0014,20,23.2,22.8,24,26.8,29.8,1,1,30,26
9/1/2019,FB,20,22,0.094292009,A,0.001,20,23.3,23.2,24.9,27.8,30.9,1,1,30,25
9/1/2019,WH,20,23,0.276819546,A,0.0013,20,23.6,23.9,25.8,29.2,32.3,1,1,30,26
9/1/2019,WH,20,28,0.772200875,A,0.0009,20,24.2,26.6,30.5,35.3,39,1,1,30,26
9/1/2019,FB,20,29,0.187444182,A,0.0008,20,24.4,27.3,31.6,37,40.7,0,1,30,25
9/1/2019,FB,20,30,0.286171872,A,0.0015,20,24.6,27.6,32.9,38.1,42.1,0,1,30,25
9/1/2019,WH,20,31,0.441787449,A,0.0014,20,24.7,28.6,33.9,39.9,43.7,0,1,30,26
9/1/2019,WH,20,33,0.236799462,A,0.0012,20,25,29.9,36.4,43.2,47.1,0,1,30,26
9/1/2019,WH,20,34,0.140956364,A,0.0016,20,25.2,30.5,37.6,44.4,48.9,0,1,30,26
9/1/2019,FB,20,35,0.410943922,A,0.001,20,25.4,31.2,39.2,46.3,50.9,0,1,30,25
9/1/2019,FB,20,37,0.058383243,A,0.001,20,25.8,32.9,41.9,49.9,54.2,0,1,30,25
9/1/2019,FB,20,38,0.048636869,A,0.0013,20,25.9,33.5,43.5,51.1,55.3,0,1,30,25
9/1/2019,FB,20,9,0.719507691,B,0.0014,20,19.8,16.2,13.9,15,16.5,1,1,30,25
9/1/2019,FB,20,12,0.733588527,B,0.0015,20,21,18,16.8,17.9,19.5,1,1,30,25
9/1/2019,FB,20,13,0.590157646,B,0.0009,20,21.5,18.8,17.5,18.8,20.6,1,1,30,25
9/1/2019,FB,20,14,0.585501225,B,0.0011,20,21.7,19.2,18.3,19.7,21.5,1,1,30,25
9/1/2019,FB,20,15,0.906789726,B,0.0018,20,22,19.9,19.2,20.7,22.8,1,1,30,25
9/1/2019,WH,20,17,0.409251274,B,0.002,20,22.5,20.9,20.9,22.7,25,1,1,30,26
9/1/2019,FB,20,18,0.293646947,B,0.001,20,22.7,21.3,21.6,23.6,26.2,1,1,30,25
9/1/2019,WH,20,20,0.685465957,B,0.001,20,23,22.3,23.2,25.7,28.5,1,1,30,26
9/1/2019,FB,20,21,0.75496983,B,0.0008,20,23.2,22.8,24,26.8,29.8,1,1,30,25
9/1/2019,WH,20,22,0.283119771,B,0.0014,20,23.3,23.2,24.9,27.8,30.9,1,1,30,26
9/1/2019,WH,20,24,0.511550258,B,0.001,20,23.7,24.4,26.6,30.1,33.4,1,1,30,26
9/1/2019,WH,20,25,0.578720535,B,0.0009,20,23.8,24.8,27.5,31.2,34.7,1,1,30,26
9/1/2019,WH,20,26,0.173318299,B,0.0018,20,23.9,25.4,28.4,32.7,36.2,1,1,30,26
9/1/2019,WH,20,27,0.588055561,B,0.0019,20,24,25.8,29.5,34,37.6,1,1,30,26
9/1/2019,FB,20,28,0.838204776,B,0.0013,20,24.2,26.6,30.5,35.3,39,1,1,30,25
9/1/2019,WH,20,30,0.546948455,B,0.0011,20,24.6,27.6,32.9,38.1,42.1,0,1,30,26
9/1/2019,WH,20,32,0.232227161,B,0.0009,20,24.9,28.8,35.2,41.2,45.4,0,1,30,26
9/1/2019,FB,20,34,0.266439905,B,0.001,20,25.2,30.5,37.6,44.4,48.9,0,1,30,25
9/1/2019,WH,20,35,0.635942411,B,0.0006,20,25.4,31.2,39.2,46.3,50.9,0,1,30,26
9/1/2019,WH,20,36,0.300798218,B,0.0009,20,25.7,32,40.3,48.7,53,0,1,30,26
9/1/2019,WH,20,37,0.065644585,B,0.0014,20,25.8,32.9,41.9,49.9,54.2,0,1,30,26
9/1/2019,WH,20,38,0.200599473,B,0.001,20,25.9,33.5,43.5,51.1,55.3,0,1,30,26
9/1/2019,FB,20,10,0.995779891,C,0.0016,20,20.1,16.8,15.3,15.6,17.2,1,1,30,25
9/1/2019,WH,20,11,0.948447449,C,0.0014,20,20.6,17.2,16,16.6,18.3,1,1,30,26
9/1/2019,WH,20,14,0.938895382,C,0.0012,20,21.7,19.2,18.3,19.7,21.5,1,1,30,26
9/1/2019,WH,20,15,0.998962272,C,0.0015,20,22,19.9,19.2,20.7,22.8,1,1,30,26
9/1/2019,FB,20,16,0.755158552,C,0.0016,20,22.3,20.3,20,21.6,24,1,1,30,25
9/1/2019,FB,20,17,0.652780707,C,0.001,20,22.5,20.9,20.9,22.7,25,1,1,30,25
9/1/2019,WH,20,19,0.987470846,C,0.0019,20,22.9,21.9,22.5,24.7,27.3,1,1,30,26
9/1/2019,FB,20,20,0.802326764,C,0.001,20,23,22.3,23.2,25.7,28.5,1,1,30,25
9/1/2019,FB,20,23,0.969041132,C,0.0007,20,23.6,23.9,25.8,29.2,32.3,1,1,30,25
9/1/2019,FB,20,24,0.906874943,C,0.0012,20,23.7,24.4,26.6,30.1,33.4,1,1,30,25
9/1/2019,FB,20,25,0.825303409,C,0.0009,20,23.8,24.8,27.5,31.2,34.7,1,1,30,25
9/1/2019,FB,20,26,0.261424695,C,0.0009,20,23.9,25.4,28.4,32.7,36.2,1,1,30,25
9/1/2019,FB,20,27,0.930427843,C,0.0009,20,24,25.8,29.5,34,37.6,1,1,30,25
9/1/2019,WH,20,29,0.885628717,C,0.0016,20,24.4,27.3,31.6,37,40.7,0,1,30,26
9/1/2019,FB,20,31,0.901372493,C,0.0016,20,24.7,28.6,33.9,39.9,43.7,0,1,30,25
9/1/2019,FB,20,32,0.679558076,C,0.0013,20,24.9,28.8,35.2,41.2,45.4,0,1,30,25
9/1/2019,FB,20,33,0.77612489,C,0.0011,20,25,29.9,36.4,43.2,47.1,0,1,30,25
9/1/2019,FB,20,36,0.980476087,C,0.0006,20,25.7,32,40.3,48.7,53,0,1,30,25
9/4/2019,HM,24,9,0.544169785,C,0.0022,24,20.7,17.4,16.9,16.6,19.6,1,1,30,27
9/4/2019,HM,24,10,0.936322645,C,0.0016,24,20.9,18.2,17.6,17.7,20.4,1,1,30,27
9/4/2019,HM,24,11,0.847109342,C,0.0025,24,21.7,19,18.2,18.5,21.3,1,1,30,27
9/4/2019,HM,24,12,0.393328328,A,0.0021,24,21.8,19.2,18.9,19.6,22.3,1,1,30,27
9/4/2019,HM,24,13,0.245113939,A,0.0016,24,22.4,20,19.5,20.3,23.2,1,1,30,27
9/4/2019,HM,24,14,0.712656928,B,0.0037,24,22.4,20.3,20.1,21.3,24.2,1,1,30,27
9/4/2019,HM,24,15,0.352026009,B,0.0022,24,22.5,21,20.9,22.3,25,1,1,30,27
9/4/2019,HM,24,16,0.744105222,A,0.0062,24,22.9,21.3,21.7,23.1,26,1,1,30,27
9/4/2019,HM,24,17,0.065188489,A,0.0029,24,23.1,21.9,22.3,24.1,27,1,1,30,27
9/4/2019,HM,24,18,0.835268425,C,0.002,24,23.2,22.4,23.1,25.1,27.9,1,1,30,27
9/4/2019,HM,24,19,0.866079563,C,0.0042,24,23.3,22.9,23.7,26,29,1,1,30,27
9/4/2019,HM,24,20,0.873918371,B,0.0057,24,23.7,23.3,24.4,26.9,30,1,1,30,27
9/4/2019,HM,24,21,0.075336412,A,0.0022,24,23.8,23.8,25,28,31.1,1,1,30,27
9/4/2019,HM,24,22,0.377251867,A,0.0026,24,23.9,24.3,25.8,29.1,32.3,1,1,30,27
9/4/2019,HM,24,23,0.889995275,C,0.0022,24,24,24.8,26.6,30.1,33.5,1,1,30,27
9/4/2019,HM,24,24,0.928876918,C,0.0013,24,24.2,25.2,27.4,31.2,34.6,1,1,30,27
9/4/2019,HM,24,25,0.269289549,A,0.0027,24,24.3,25.7,28.2,32.3,35.7,1,1,30,27
9/4/2019,HM,24,26,0.040555566,A,0.0016,24,24.3,26.2,29,33.6,37,1,1,30,27
9/4/2019,HM,24,27,0.704755999,A,0.0022,24,24.4,26.6,29.9,34.8,38.3,1,1,30,27
9/4/2019,HM,24,28,0.701332886,B,0.0039,24,24.7,27.3,30.9,35.9,39.7,0,1,30,27
9/4/2019,HM,24,29,0.598728393,B,0.0018,24,24.8,27.8,31.9,37.1,41.3,0,1,30,27
9/4/2019,HM,24,30,0.857667493,A,0.0009,24,24.8,28.3,32.8,39,42.6,0,1,30,27
9/4/2019,HM,24,31,0.542893237,B,0.0046,24,25,28.9,33.8,40,44.3,0,1,30,27
9/4/2019,HM,24,32,0.170543174,B,0.0009,24,25.1,29.6,35,41.2,45.7,0,1,30,27
9/4/2019,HM,24,33,0.664565421,C,0.0028,24,25.2,30.2,36.2,43.6,47.5,0,1,30,27
9/4/2019,HM,24,34,0.723077074,C,0.0018,24,25.4,31.1,37.4,44.9,49.1,0,1,30,27
9/4/2019,HM,24,35,0.390551265,B,0.0032,24,25.5,31.8,38.7,46.4,50.6,0,1,30,27
9/4/2019,HM,24,36,0.959766572,C,0.0021,24,25.6,32.4,40.3,48,52.7,0,1,30,27
9/4/2019,HM,24,37,0.993681651,C,0.0036,24,25.6,33.1,41.1,49.7,54.8,0,1,30,27
9/4/2019,HM,24,38,0.131741552,A,0.003,24,25.8,33.8,43,51.7,56.1,0,1,30,27
9/4/2019,OY,24,9,0.333613412,B,0.0006,24,20.7,17.4,16.9,16.6,19.6,1,1,30,28
9/4/2019,OY,24,10,0.232003936,B,0.0022,24,20.9,18.2,17.6,17.7,20.4,1,1,30,28
9/4/2019,OY,24,11,0.606849136,A,0.0035,24,21.7,19,18.2,18.5,21.3,1,1,30,28
9/4/2019,OY,24,12,0.734057788,C,0.0022,24,21.8,19.2,18.9,19.6,22.3,1,1,30,28
9/4/2019,OY,24,13,0.812286359,C,0.0018,24,22.4,20,19.5,20.3,23.2,1,1,30,28
9/4/2019,OY,24,14,0.105687404,A,0.0021,24,22.4,20.3,20.1,21.3,24.2,1,1,30,28
9/4/2019,OY,24,15,0.476185692,C,0.0016,24,22.5,21,20.9,22.3,25,1,1,30,28
9/4/2019,OY,24,16,0.81418718,C,0.0014,24,22.9,21.3,21.7,23.1,26,1,1,30,28
9/4/2019,OY,24,17,0.821608423,C,0.001,24,23.1,21.9,22.3,24.1,27,1,1,30,28
9/4/2019,OY,24,18,0.714537182,B,0.0031,24,23.2,22.4,23.1,25.1,27.9,1,1,30,28
9/4/2019,OY,24,19,0.01233579,A,0.0015,24,23.3,22.9,23.7,26,29,1,1,30,28
9/4/2019,OY,24,20,0.116441411,A,0.0008,24,23.7,23.3,24.4,26.9,30,1,1,30,28
9/4/2019,OY,24,21,0.440188896,B,0.0016,24,23.8,23.8,25,28,31.1,0,1,30,28
9/4/2019,OY,24,22,0.497897035,B,0.0011,24,23.9,24.3,25.8,29.1,32.3,0,1,30,28
9/4/2019,OY,24,23,0.840476246,B,0.0019,24,24,24.8,26.6,30.1,33.5,1,1,30,28
9/4/2019,OY,24,24,0.437753038,B,0.0016,24,24.2,25.2,27.4,31.2,34.6,1,1,30,28
9/4/2019,OY,24,25,0.63488179,B,0.0015,24,24.3,25.7,28.2,32.3,35.7,1,1,30,28
9/4/2019,OY,24,26,0.409821823,C,0.0009,24,24.3,26.2,29,33.6,37,1,1,30,28
9/4/2019,OY,24,27,0.775756477,B,0.0015,24,24.4,26.6,29.9,34.8,38.3,0,1,30,28
9/4/2019,OY,24,28,0.572978416,A,0.0015,24,24.7,27.3,30.9,35.9,39.7,0,1,30,28
9/4/2019,OY,24,29,0.903678688,C,0.0016,24,24.8,27.8,31.9,37.1,41.3,0,1,30,28
9/4/2019,OY,24,30,0.921269524,B,0.0017,24,24.8,28.3,32.8,39,42.6,0,1,30,28
9/4/2019,OY,24,31,0.70420129,C,0.0017,24,25,28.9,33.8,40,44.3,0,1,30,28
9/4/2019,OY,24,32,0.073608922,A,0.0013,24,25.1,29.6,35,41.2,45.7,0,1,30,28
9/4/2019,OY,24,33,0.330026708,A,0.0033,24,25.2,30.2,36.2,43.6,47.5,0,1,30,28
9/4/2019,OY,24,34,0.632748788,B,0.0019,24,25.4,31.1,37.4,44.9,49.1,0,1,30,28
9/4/2019,OY,24,35,0.354642105,A,0.0019,24,25.5,31.8,38.7,46.4,50.6,0,1,30,28
9/4/2019,OY,24,36,0.885742786,B,0.0012,24,25.6,32.4,40.3,48,52.7,0,1,30,28
9/4/2019,OY,24,37,0.168009032,A,0.0014,24,25.6,33.1,41.1,49.7,54.8,0,1,30,28
9/4/2019,OY,24,38,0.291518019,B,0.0019,24,25.8,33.8,43,51.7,56.1,0,1,30,28
9/4/2019,OYII,24,9,0.033997915,A,0.0015,24,20.7,17.4,16.9,16.6,19.6,1,1,30,29
9/4/2019,OYII,24,10,0.100892796,A,0.001,24,20.9,18.2,17.6,17.7,20.4,1,1,30,29
9/4/2019,OYII,24,11,0.766906229,B,0.0019,24,21.7,19,18.2,18.5,21.3,1,1,30,29
9/4/2019,OYII,24,12,0.72914495,B,0.0008,24,21.8,19.2,18.9,19.6,22.3,1,1,30,29
9/4/2019,OYII,24,13,0.379548691,B,0.0014,24,22.4,20,19.5,20.3,23.2,1,1,30,29
9/4/2019,OYII,24,14,0.841077198,C,0.0016,24,22.4,20.3,20.1,21.3,24.2,0,1,30,29
9/4/2019,OYII,24,15,0.282796412,A,0.0016,24,22.5,21,20.9,22.3,25,1,1,30,29
9/4/2019,OYII,24,16,0.769108947,B,0.002,24,22.9,21.3,21.7,23.1,26,1,1,30,29
9/4/2019,OYII,24,17,0.084097159,B,0.0012,24,23.1,21.9,22.3,24.1,27,1,1,30,29
9/4/2019,OYII,24,18,0.197082214,A,0.0007,24,23.2,22.4,23.1,25.1,27.9,1,1,30,29
9/4/2019,OYII,24,19,0.05433828,B,0.0022,24,23.3,22.9,23.7,26,29,1,1,30,29
9/4/2019,OYII,24,20,0.951520957,C,0.0023,24,23.7,23.3,24.4,26.9,30,1,1,30,29
9/4/2019,OYII,24,21,0.449006231,C,0.003,24,23.8,23.8,25,28,31.1,1,1,30,29
9/4/2019,OYII,24,22,0.947353161,C,0.0018,24,23.9,24.3,25.8,29.1,32.3,1,1,30,29
9/4/2019,OYII,24,23,0.110522702,A,0.0013,24,24,24.8,26.6,30.1,33.5,1,1,30,29
9/4/2019,OYII,24,24,0.344833233,A,0.0017,24,24.2,25.2,27.4,31.2,34.6,1,1,30,29
9/4/2019,OYII,24,25,0.703202241,C,0.0015,24,24.3,25.7,28.2,32.3,35.7,1,1,30,29
9/4/2019,OYII,24,26,0.242280851,B,0.0031,24,24.3,26.2,29,33.6,37,1,1,30,29
9/4/2019,OYII,24,27,0.967849003,C,0.0011,24,24.4,26.6,29.9,34.8,38.3,1,1,30,29
9/4/2019,OYII,24,28,0.968126888,C,0.0015,24,24.7,27.3,30.9,35.9,39.7,0,1,30,29
9/4/2019,OYII,24,29,0.129199386,A,0.0009,24,24.8,27.8,31.9,37.1,41.3,0,1,30,29
9/4/2019,OYII,24,30,0.973225718,C,0.0012,24,24.8,28.3,32.8,39,42.6,0,1,30,29
9/4/2019,OYII,24,31,0.435870177,A,0.0007,24,25,28.9,33.8,40,44.3,0,1,30,29
9/4/2019,OYII,24,32,0.217042379,C,0.002,24,25.1,29.6,35,41.2,45.7,0,1,30,29
9/4/2019,OYII,24,33,0.363624642,B,0.0024,24,25.2,30.2,36.2,43.6,47.5,0,1,30,29
9/4/2019,OYII,24,34,0.446471365,A,0.0016,24,25.4,31.1,37.4,44.9,49.1,0,1,30,29
9/4/2019,OYII,24,35,0.690696941,C,0.0015,24,25.5,31.8,38.7,46.4,50.6,0,1,30,29
9/4/2019,OYII,24,36,0.786514675,A,0.0013,24,25.6,32.4,40.3,48,52.7,0,1,30,29
9/4/2019,OYII,24,37,0.36885477,B,0.0019,24,25.6,33.1,41.1,49.7,54.8,0,1,30,29
9/4/2019,OYII,24,38,0.47602932,C,0.0012,24,25.8,33.8,43,51.7,56.1,0,1,30,29
9/7/2019,BF,20,9,0.754336884,B,0.0008,20,21.8,23,24.4,25.7,27.2,1,3,30,30
9/7/2019,BF,20,10,0.477882269,B,0.0025,20,21.8,22.9,24.4,25.8,27.3,1,3,30,30
9/7/2019,BF,20,11,0.383043662,B,0.0013,20,21.8,23,24.5,26.2,27.8,1,3,30,30
9/7/2019,BF,20,12,0.452416052,A,0.003,20,21.8,23.1,24.6,26.4,27.9,1,3,30,30
9/7/2019,BF,20,13,0.038796458,A,0.0006,20,21.8,23.2,24.7,26.7,28.2,1,3,30,30
9/7/2019,BF,20,14,0.237264728,A,0.0016,20,21.7,23.2,24.9,27,28.7,1,3,30,30
9/7/2019,BF,20,15,0.737977618,A,0.0012,20,21.8,23.2,25.2,27.3,29.2,0,3,30,30
9/7/2019,BF,20,16,0.629863401,B,0.0018,20,21.8,23.4,25.2,27.7,29.3,0,3,30,30
9/7/2019,BF,20,17,0.243168707,B,0.0028,20,21.8,23.4,25.6,27.9,30,1,3,30,30
9/7/2019,BF,20,18,0.961720927,C,0.0011,20,21.9,23.5,25.8,28.3,30.4,1,3,30,30
9/7/2019,BF,20,19,0.022182873,A,0.0011,20,21.8,23.9,25.9,28.7,30.9,1,3,30,30
9/7/2019,BF,20,20,0.825790318,C,0.0011,20,21.9,24,26.3,29.2,31.4,1,3,30,30
9/7/2019,BF,20,21,0.020986902,A,0.001,20,22,24,26.6,29.6,32.1,1,3,30,30
9/7/2019,BF,20,22,0.118100126,B,0.0014,20,22,24.2,26.9,30.1,32.6,1,3,30,30
9/7/2019,BF,20,23,0.6590772,A,0.0035,20,22.1,24.6,27.4,30.7,33.1,1,3,30,30
9/7/2019,BF,20,24,0.571788521,B,0.0031,20,22.1,24.9,27.6,31.3,34.2,1,3,30,30
9/7/2019,BF,20,25,0.5623469,A,0.0009,20,22.2,25.3,28.1,31.7,34.7,1,3,30,30
9/7/2019,BF,20,26,0.433965073,B,0.0023,20,22.3,25.3,28.4,32.4,35.1,1,3,30,30
9/7/2019,BF,20,27,0.577595695,C,0.0014,20,22.6,25.8,29,33.2,36.1,1,3,30,30
9/7/2019,BF,20,28,0.763514019,C,0.0036,20,22.6,26,29.2,34,36.7,1,3,30,30
9/7/2019,BF,20,29,0.796462479,C,0.0019,20,22.9,26.6,29.7,34.4,37.4,0,3,30,30
9/7/2019,BF,20,30,0.501267423,C,0.0013,20,23.2,26.9,30.4,36.5,38.8,0,3,30,30
9/7/2019,BF,20,31,0.625255085,A,0.0025,20,23.2,27.3,30.8,37.2,39.7,0,3,30,30
9/7/2019,BF,20,32,0.286783382,B,0.0018,20,23.5,27.4,31.6,38.3,40.7,0,3,30,30
9/7/2019,BF,20,33,0.185097787,B,0.0009,20,23.8,28.3,32.1,39.7,41.5,0,3,30,30
9/7/2019,BF,20,34,0.145494879,B,0.0036,20,24,29,32.7,40.5,43.2,0,3,30,30
9/7/2019,BF,20,35,0.105508967,B,0.0016,20,24,29.3,33.6,41.6,43.8,0,3,30,30
9/7/2019,BF,20,36,0.449007357,B,0.0031,20,24.1,30,33.9,42.8,44.9,0,3,30,30
9/7/2019,BF,20,37,0.138077108,B,0.003,20,24.6,30.6,35,43.5,46.4,0,3,30,30
9/7/2019,BF,20,38,0.903746942,C,0.0043,20,25,31.2,35.8,44.7,47.3,0,3,30,30
9/7/2019,BFII,20,9,0.875604058,C,0.0023,20,21.8,23,24.4,25.7,27.2,0,3,30,31
9/7/2019,BFII,20,10,0.736895099,C,0.0024,20,21.8,22.9,24.4,25.8,27.3,1,3,30,31
9/7/2019,BFII,20,11,0.663959206,C,0.0013,20,21.8,23,24.5,26.2,27.8,1,3,30,31
9/7/2019,BFII,20,12,0.975413855,C,0.0027,20,21.8,23.1,24.6,26.4,27.9,1,3,30,31
9/7/2019,BFII,20,13,0.457359905,B,0.006,20,21.8,23.2,24.7,26.7,28.2,1,3,30,31
9/7/2019,BFII,20,14,0.983131585,C,0.0022,20,21.7,23.2,24.9,27,28.7,1,3,30,31
9/7/2019,BFII,20,15,0.758542106,B,0.0042,20,21.8,23.2,25.2,27.3,29.2,1,3,30,31
9/7/2019,BFII,20,16,0.599084129,A,0.0011,20,21.8,23.4,25.2,27.7,29.3,1,3,30,31
9/7/2019,BFII,20,17,0.185696699,A,0.0028,20,21.8,23.4,25.6,27.9,30,1,3,30,31
9/7/2019,BFII,20,18,0.348722093,A,0.0025,20,21.9,23.5,25.8,28.3,30.4,1,3,30,31
9/7/2019,BFII,20,19,0.775353631,B,0.0012,20,21.8,23.9,25.9,28.7,30.9,1,3,30,31
9/7/2019,BFII,20,20,0.783758753,B,0.002,20,21.9,24,26.3,29.2,31.4,1,3,30,31
9/7/2019,BFII,20,21,0.158747512,B,0.003,20,22,24,26.6,29.6,32.1,1,3,30,31
9/7/2019,BFII,20,22,0.860807137,C,0.0031,20,22,24.2,26.9,30.1,32.6,1,3,30,31
9/7/2019,BFII,20,23,0.966243855,C,0.0022,20,22.1,24.6,27.4,30.7,33.1,1,3,30,31
9/7/2019,BFII,20,24,0.055518617,A,0.0027,20,22.1,24.9,27.6,31.3,34.2,1,3,30,31
9/7/2019,BFII,20,25,0.944543852,C,0.002,20,22.2,25.3,28.1,31.7,34.7,1,3,30,31
9/7/2019,BFII,20,26,0.107788197,A,0.0017,20,22.3,25.3,28.4,32.4,35.1,1,3,30,31
9/7/2019,BFII,20,27,0.073891292,B,0.0022,20,22.6,25.8,29,33.2,36.1,0,3,30,31
9/7/2019,BFII,20,28,0.36653801,A,0.0029,20,22.6,26,29.2,34,36.7,0,3,30,31
9/7/2019,BFII,20,29,0.477407397,A,0.0025,20,22.9,26.6,29.7,34.4,37.4,0,3,30,31
9/7/2019,BFII,20,30,0.340766045,B,0.0026,20,23.2,26.9,30.4,36.5,38.8,0,3,30,31
9/7/2019,BFII,20,31,0.693444666,B,0.0026,20,23.2,27.3,30.8,37.2,39.7,0,3,30,31
9/7/2019,BFII,20,32,0.852247539,C,0.0012,20,23.5,27.4,31.6,38.3,40.7,0,3,30,31
9/7/2019,BFII,20,33,0.114563657,A,0.0026,20,23.8,28.3,32.1,39.7,41.5,0,3,30,31
9/7/2019,BFII,20,34,0.836726684,C,0.0012,20,24,29,32.7,40.5,43.2,0,3,30,31
9/7/2019,BFII,20,35,0.021874148,A,0.0008,20,24,29.3,33.6,41.6,43.8,0,3,30,31
9/7/2019,BFII,20,36,0.77931443,C,0.001,20,24.1,30,33.9,42.8,44.9,0,3,30,31
9/7/2019,BFII,20,37,0.113536159,A,0.0017,20,24.6,30.6,35,43.5,46.4,0,3,30,31
9/7/2019,BFII,20,38,0.837885498,B,0.0018,20,25,31.2,35.8,44.7,47.3,0,3,30,31
9/7/2019,HM,20,9,0.212552433,A,0.0028,20,21.8,23,24.4,25.7,27.2,1,3,30,32
9/7/2019,HM,20,10,0.049133118,A,0.0014,20,21.8,22.9,24.4,25.8,27.3,1,3,30,32
9/7/2019,HM,20,11,0.3400432,A,0.001,20,21.8,23,24.5,26.2,27.8,1,3,30,32
9/7/2019,HM,20,12,0.931627352,B,0.0035,20,21.8,23.1,24.6,26.4,27.9,1,3,30,32
9/7/2019,HM,20,13,0.998529424,C,0.0019,20,21.8,23.2,24.7,26.7,28.2,1,3,30,32
9/7/2019,HM,20,14,0.941313163,B,0.0017,20,21.7,23.2,24.9,27,28.7,1,3,30,32
9/7/2019,HM,20,15,0.793111245,C,0.001,20,21.8,23.2,25.2,27.3,29.2,1,3,30,32
9/7/2019,HM,20,16,0.656264842,C,0.0014,20,21.8,23.4,25.2,27.7,29.3,1,3,30,32
9/7/2019,HM,20,17,0.870703891,C,0.0038,20,21.8,23.4,25.6,27.9,30,1,3,30,32
9/7/2019,HM,20,18,0.780846688,B,0.0021,20,21.9,23.5,25.8,28.3,30.4,1,3,30,32
9/7/2019,HM,20,19,0.861711213,C,0.0034,20,21.8,23.9,25.9,28.7,30.9,1,3,30,32
9/7/2019,HM,20,20,0.157208465,A,0.0011,20,21.9,24,26.3,29.2,31.4,1,3,30,32
9/7/2019,HM,20,21,0.838336196,C,0.002,20,22,24,26.6,29.6,32.1,0,3,30,32
9/7/2019,HM,20,22,0.025532712,A,0.0015,20,22,24.2,26.9,30.1,32.6,1,3,30,32
9/7/2019,HM,20,23,0.790096457,B,0.0024,20,22.1,24.6,27.4,30.7,33.1,1,3,30,32
9/7/2019,HM,20,24,0.609856256,C,0.0023,20,22.1,24.9,27.6,31.3,34.2,1,3,30,32
9/7/2019,HM,20,25,0.834350607,B,0.0018,20,22.2,25.3,28.1,31.7,34.7,1,3,30,32
9/7/2019,HM,20,26,0.949137155,C,0.0008,20,22.3,25.3,28.4,32.4,35.1,1,3,30,32
9/7/2019,HM,20,27,0.01102507,A,0.0031,20,22.6,25.8,29,33.2,36.1,0,3,30,32
9/7/2019,HM,20,28,0.368702589,B,0.0009,20,22.6,26,29.2,34,36.7,0,3,30,32
9/7/2019,HM,20,29,0.752026487,B,0.0012,20,22.9,26.6,29.7,34.4,37.4,1,3,30,32
9/7/2019,HM,20,30,0.145658523,A,0.0012,20,23.2,26.9,30.4,36.5,38.8,0,3,30,32
9/7/2019,HM,20,31,0.695694762,C,0.0015,20,23.2,27.3,30.8,37.2,39.7,0,3,30,32
9/7/2019,HM,20,32,0.001139405,A,0.0014,20,23.5,27.4,31.6,38.3,40.7,0,3,30,32
9/7/2019,HM,20,33,0.818065222,C,0.001,20,23.8,28.3,32.1,39.7,41.5,0,3,30,32
9/7/2019,HM,20,34,0.00331395,A,0.0009,20,24,29,32.7,40.5,43.2,0,3,30,32
9/7/2019,HM,20,35,0.799950731,C,0.0012,20,24,29.3,33.6,41.6,43.8,0,3,30,32
9/7/2019,HM,20,36,0.032853717,A,0.0025,20,24.1,30,33.9,42.8,44.9,0,3,30,32
9/7/2019,HM,20,37,0.343582418,C,0.0009,20,24.6,30.6,35,43.5,46.4,0,3,30,32
9/7/2019,HM,20,38,0.242505536,A,0.0009,20,25,31.2,35.8,44.7,47.3,0,3,30,32
9/11/2019,BF,20,9,0.933264341,C,0.0013,20,23.7,25.5,27.3,28.6,28.9,1,2,30,33
9/11/2019,BF,20,10,0.47851567,A,0.0019,20,23.6,5.5,27.3,29,9.3,1,2,30,33
9/11/2019,BF,20,11,0.021578012,A,0.0022,20,23.7,25.6,27.4,29.1,30,1,2,30,33
9/11/2019,BF,20,12,0.976947796,C,0.0008,20,23.8,25.6,27.5,28.6,30.6,1,2,30,33
9/11/2019,BF,20,13,0.123370261,A,0.0009,20,23.9,25.8,27.9,29.6,31.3,1,2,30,33
9/11/2019,BF,20,14,0.140392849,A,0.0015,20,24,26,28.2,30.6,31.7,1,2,30,33
9/11/2019,BF,20,15,0.494041947,A,0.0011,20,24,26.2,28.4,30.8,32.5,1,2,30,33
9/11/2019,BF,20,16,0.204940786,C,0.0013,20,24,26.3,28.7,31.3,33.2,1,2,30,33
9/11/2019,BF,20,17,0.557666894,B,0.0014,20,24.2,26.3,29.1,31.8,33.9,1,2,30,33
9/11/2019,BF,20,18,0.481459334,B,0.002,20,24.2,26.4,29.4,32.3,34.4,0,2,30,33
9/11/2019,BF,20,19,0.856287764,C,0.0012,20,24.3,26.9,29.9,32.9,35.3,1,2,30,33
9/11/2019,BF,20,20,0.278312923,A,0.0021,20,24.3,27,30.1,33.2,35.7,1,2,30,33
9/11/2019,BF,20,21,0.856403336,B,0.001,20,24.7,27.4,30.6,34,36.7,1,2,30,33
9/11/2019,BF,20,22,0.959545373,C,0.0025,20,24.7,27.5,31.2,34.9,37.7,1,2,30,33
9/11/2019,BF,20,23,0.937496923,B,0.0024,20,24.7,27.8,31.7,35.7,38.4,0,2,30,33
9/11/2019,BF,20,24,0.77874605,C,0.0013,20,24.9,28.1,32,36.5,39.3,0,2,30,33
9/11/2019,BF,20,25,0.861914756,C,0.0009,20,25.1,28.4,33,37.2,40.1,0,2,30,33
9/11/2019,BF,20,26,0.402561345,A,0.0008,20,25.2,28.9,33.4,37.6,41,0,2,30,33
9/11/2019,BF,20,27,0.164206255,B,0.0019,20,25.4,28.8,33.9,38.5,42.2,0,2,30,33
9/11/2019,BF,20,28,0.953498015,B,0.0026,20,25.4,29.7,34.7,39.5,43.2,0,2,30,33
9/11/2019,BF,20,29,0.879720169,A,0.0023,20,25.7,30.2,35.5,40.9,44.5,0,2,30,33
9/11/2019,BF,20,30,0.230951038,A,0.0007,20,25.7,30.6,35.9,42,45.7,0,2,30,33
9/11/2019,BF,20,31,0.626814183,A,0.0025,20,25.7,30.7,37.1,43.1,46.5,0,2,30,33
9/11/2019,BF,20,32,0.641077592,B,0.0013,20,26,31.2,38.2,43.5,48.2,0,2,30,33
9/11/2019,BF,20,33,0.692409617,B,0.0014,20,26.1,32,38.7,45.5,49,0,2,30,33
9/11/2019,BF,20,34,0.61741241,B,0.0019,20,26.1,32.4,40,46.5,50.6,0,2,30,33
9/11/2019,BF,20,35,0.384502377,B,0.0009,20,26.4,33.3,41,48.3,51.5,0,2,30,33
9/11/2019,BF,20,36,0.634339346,A,0.0008,20,26.7,33.8,42.3,49.7,53.4,0,2,30,33
9/11/2019,BF,20,37,0.868161575,C,0.001,20,26.8,34.7,43.2,51.1,55.1,0,2,30,33
9/11/2019,BF,20,38,0.313677102,A,0.0009,20,26.8,35.4,44.4,52.6,56.9,0,2,30,33
9/11/2019,GB,20,9,0.748371906,B,,20,23.7,25.5,27.3,28.6,28.9,,2,21,34
9/11/2019,GB,20,10,0.578441169,B,,20,23.6,5.5,27.3,29,29.3,,2,21,34
9/11/2019,GB,20,11,0.201461056,C,,20,23.7,25.6,27.4,29.1,30,,2,21,34
9/11/2019,GB,20,12,0.073753192,A,,20,23.8,25.6,27.5,28.6,30.6,,2,21,34
9/11/2019,GB,20,13,0.22406129,B,0.0013,20,23.9,25.8,27.9,29.6,31.3,1,2,21,34
9/11/2019,GB,20,14,0.174257315,B,0.003,20,24,26,28.2,30.6,31.7,1,2,21,34
9/11/2019,GB,20,15,0.525038434,B,0.0018,20,24,26.2,28.4,30.8,32.5,1,2,21,34
9/11/2019,GB,20,16,0.072006224,A,0.0017,20,24,26.3,28.7,31.3,33.2,1,2,21,34
9/11/2019,GB,20,17,0.60294858,C,0.0018,20,24.2,26.3,29.1,31.8,33.9,1,2,21,34
9/11/2019,GB,20,18,0.563853311,C,0.0022,20,24.2,26.4,29.4,32.3,34.4,1,2,21,34
9/11/2019,GB,20,19,0.609868925,B,0.0011,20,24.3,26.9,29.9,32.9,35.3,1,2,21,34
9/11/2019,GB,20,20,0.757517317,C,0.0021,20,24.3,27,30.1,33.2,35.7,1,2,21,34
9/11/2019,GB,20,21,0.681521336,A,0.0034,20,24.7,27.4,30.6,34,36.7,1,2,21,34
9/11/2019,GB,20,22,0.544730457,A,0.0011,20,24.7,27.5,31.2,34.9,37.7,1,2,21,34
9/11/2019,GB,20,23,0.766921356,A,0.0027,20,24.7,27.8,31.7,35.7,38.4,0,2,21,34
9/11/2019,GB,20,24,0.40703462,A,0.002,20,24.9,28.1,32,36.5,39.3,0,2,21,34
9/11/2019,GB,20,25,0.144866049,B,0.0011,20,25.1,28.4,33,37.2,40.1,0,2,21,34
9/11/2019,GB,20,26,0.784049146,C,0.0011,20,25.2,28.9,33.4,37.6,41,0,2,21,34
9/11/2019,GB,20,27,0.055158631,A,0.0007,20,25.4,28.8,33.9,38.5,42.2,0,2,21,34
9/11/2019,GB,20,28,0.854801625,A,0.004,20,25.4,29.7,34.7,39.5,43.2,0,2,21,34
9/11/2019,GB,20,29,0.970511928,C,0.0024,20,25.7,30.2,35.5,40.9,44.5,0,2,21,34
9/11/2019,GB,20,30,0.539929673,C,0.0009,20,25.7,30.6,35.9,42,45.7,0,2,21,34
9/11/2019,GB,20,31,0.751134983,B,0.0011,20,25.7,30.7,37.1,43.1,46.5,0,2,21,34
9/11/2019,GB,20,32,0.829554941,C,0.0016,20,26,31.2,38.2,43.5,48.2,0,2,21,34
9/11/2019,GB,20,33,0.763317913,C,,20,26.1,32,38.7,45.5,49,,2,21,34
9/11/2019,GB,20,34,0.013697408,A,,20,26.1,32.4,40,46.5,50.6,,2,21,34
9/11/2019,GB,20,35,0.400391802,C,,20,26.4,33.3,41,48.3,51.5,,2,21,34
9/11/2019,GB,20,36,0.930471276,C,,20,26.7,33.8,42.3,49.7,53.4,,2,21,34
9/11/2019,GB,20,37,0.42600943,B,,20,26.8,34.7,43.2,51.1,55.1,,2,21,34
9/11/2019,GB,20,38,0.349343388,B,,20,26.8,35.4,44.4,52.6,56.9,,2,21,34
9/11/2019,HM,20,9,0.225393071,A,0.0011,20,23.7,25.5,27.3,28.6,28.9,1,2,30,35
9/11/2019,HM,20,10,0.887094585,C,0.0044,20,23.6,5.5,27.3,29,29.3,1,2,30,35
9/11/2019,HM,20,11,0.133829789,B,0.001,20,23.7,25.6,27.4,29.1,30,1,2,30,35
9/11/2019,HM,20,12,0.65546748,B,0.0031,20,23.8,25.6,27.5,28.6,30.6,1,2,30,35
9/11/2019,HM,20,13,0.848821131,C,0.0009,20,23.9,25.8,27.9,29.6,31.3,1,2,30,35
9/11/2019,HM,20,14,0.456390833,C,0.002,20,24,26,28.2,30.6,31.7,0,2,30,35
9/11/2019,HM,20,15,0.706072831,C,0.0015,20,24,26.2,28.4,30.8,32.5,1,2,30,35
9/11/2019,HM,20,16,0.083720994,B,0.0017,20,24,26.3,28.7,31.3,33.2,1,2,30,35
9/11/2019,HM,20,17,0.076160182,A,0.0022,20,24.2,26.3,29.1,31.8,33.9,1,2,30,35
9/11/2019,HM,20,18,0.254086528,A,0.0012,20,24.2,26.4,29.4,32.3,34.4,1,2,30,35
9/11/2019,HM,20,19,0.225274435,A,0.0005,20,24.3,26.9,29.9,32.9,35.3,1,2,30,35
9/11/2019,HM,20,20,0.471608023,B,0.0014,20,24.3,27,30.1,33.2,35.7,1,2,30,35
9/11/2019,HM,20,21,0.857417412,C,0.0017,20,24.7,27.4,30.6,34,36.7,1,2,30,35
9/11/2019,HM,20,22,0.906708914,B,0.0019,20,24.7,27.5,31.2,34.9,37.7,1,2,30,35
9/11/2019,HM,20,23,0.974052394,C,0.0008,20,24.7,27.8,31.7,35.7,38.4,0,2,30,35
9/11/2019,HM,20,24,0.542760073,B,0.0015,20,24.9,28.1,32,36.5,39.3,0,2,30,35
9/11/2019,HM,20,25,0.098884691,A,0.0013,20,25.1,28.4,33,37.2,40.1,0,2,30,35
9/11/2019,HM,20,26,0.750446355,B,0.0026,20,25.2,28.9,33.4,37.6,41,0,2,30,35
9/11/2019,HM,20,27,0.911893677,C,0.0005,20,25.4,28.8,33.9,38.5,42.2,0,2,30,35
9/11/2019,HM,20,28,0.997849469,C,0.0009,20,25.4,29.7,34.7,39.5,43.2,0,2,30,35
9/11/2019,HM,20,29,0.88379671,B,0.0008,20,25.7,30.2,35.5,40.9,44.5,0,2,30,35
9/11/2019,HM,20,30,0.46663807,B,0.0008,20,25.7,30.6,35.9,42,45.7,0,2,30,35
9/11/2019,HM,20,31,0.887683149,C,0.0015,20,25.7,30.7,37.1,43.1,46.5,0,2,30,35
9/11/2019,HM,20,32,0.207208943,A,0.0007,20,26,31.2,38.2,43.5,48.2,0,2,30,35
9/11/2019,HM,20,33,0.672022542,A,0.0009,20,26.1,32,38.7,45.5,49,0,2,30,35
9/11/2019,HM,20,34,0.729420508,C,0.0007,20,26.1,32.4,40,46.5,50.6,0,2,30,35
9/11/2019,HM,20,35,0.150348301,A,0.0009,20,26.4,33.3,41,48.3,51.5,0,2,30,35
9/11/2019,HM,20,36,0.648403786,B,0.0009,20,26.7,33.8,42.3,49.7,53.4,0,2,30,35
9/11/2019,HM,20,37,0.07999274,A,0.0008,20,26.8,34.7,43.2,51.1,55.1,0,2,30,35
9/11/2019,HM,20,38,0.505361804,C,0.0008,20,26.8,35.4,44.4,52.6,56.9,0,2,30,35
9/13/2019,FB,20,9,0.249061526,A,0.0029,20,22.6,23.4,25,27.8,30,1,2,30,36
9/13/2019,FB,20,10,0.325934158,B,0.0024,20,22.7,23.4,25.1,28.1,30.4,1,2,30,36
9/13/2019,FB,20,11,0.048574483,A,0.0013,20,22.7,23.5,25.3,28.2,30.8,1,2,30,36
9/13/2019,FB,20,12,0.684845853,B,0.003,20,22.9,23.6,25.6,28.4,31.2,1,2,30,36
9/13/2019,FB,20,13,0.066966139,A,0.0009,20,23,23.7,25.7,28.7,31.5,1,2,30,36
9/13/2019,FB,20,14,0.74350611,B,0.0014,20,22.9,23.8,25.9,29.2,32,1,2,30,36
9/13/2019,FB,20,15,0.387961779,B,0.0013,20,23,24.1,26.1,29.6,32.5,1,2,30,36
9/13/2019,FB,20,16,0.617872591,C,0.0015,20,23.1,24.4,26.2,30,33.2,1,2,30,36
9/13/2019,FB,20,17,0.837813448,C,0.001,20,23.1,24.5,26.7,30.4,33.5,1,2,30,36
9/13/2019,FB,20,18,0.264394962,B,0.0032,20,23.2,24.7,27,30.9,34.3,1,2,30,36
9/13/2019,FB,20,19,0.854221284,B,0.0025,20,23.2,24.8,27.3,31.3,34.9,1,2,30,36
9/13/2019,FB,20,20,0.859958456,C,0.0015,20,23.3,25.1,27.7,32.3,35.6,1,2,30,36
9/13/2019,FB,20,21,0.069219063,A,0.0012,20,23.3,25.2,27.9,32.6,36.5,1,2,30,36
9/13/2019,FB,20,22,0.44309856,B,0.002,20,23.4,25.8,28.6,33.1,37.1,1,2,30,36
9/13/2019,FB,20,23,0.872841078,C,0.0013,20,23.4,25.9,29.3,34.2,37.9,0,2,30,36
9/13/2019,FB,20,24,0.266882418,A,0.0025,20,23.5,26.2,29.7,35.3,39.1,0,2,30,36
9/13/2019,FB,20,25,0.416129857,C,0.0008,20,23.6,26.8,30.1,35.9,39.8,0,2,30,36
9/13/2019,FB,20,26,0.551313031,C,0.0015,20,23.7,26.9,30.9,36.5,40.6,0,2,30,36
9/13/2019,FB,20,27,0.270631574,B,0.0012,20,23.8,27.6,31.5,37,41.4,0,2,30,36
9/13/2019,FB,20,28,0.907105431,C,0.0032,20,24.1,28.3,32.2,38.2,42.7,0,2,30,36
9/13/2019,FB,20,29,0.160271316,B,0.0022,20,24.2,28.7,33.6,39.4,43.9,0,2,30,36
9/13/2019,FB,20,30,0.660148794,B,0.0025,20,24.5,28.8,34.2,40.6,44.9,0,2,30,36
9/13/2019,FB,20,31,0.710413915,B,0.003,20,24.6,29.5,35.2,41.8,46.4,0,2,30,36
9/13/2019,FB,20,32,0.598968876,C,0.0028,20,25,29.6,36.1,43.4,47.3,0,2,30,36
9/13/2019,FB,20,33,0.722414788,C,0.0024,20,25,30.5,37.4,43.9,48.6,0,2,30,36
9/13/2019,FB,20,34,0.846137708,C,0.0031,20,25.2,31.5,38,46.3,49.8,0,2,30,36
9/13/2019,FB,20,35,0.652793374,C,0.0009,20,25.6,32,39.8,48,51.6,0,2,30,36
9/13/2019,FB,20,36,0.608341364,C,0.0017,20,25.9,32.6,41.3,48.8,52.3,0,2,30,36
9/13/2019,FB,20,37,0.558302099,B,0.002,20,26,33.5,41.9,50,53.8,0,2,30,36
9/13/2019,FB,20,38,0.545868572,B,0.0014,20,26.3,34.8,43.7,52.5,56.3,0,2,30,36
9/13/2019,OY,20,9,0.48234999,C,,20,22.6,23.4,25,27.8,30,,2,27,37
9/13/2019,OY,20,10,0.469458862,C,,20,22.7,23.4,25.1,28.1,30.4,,2,27,37
9/13/2019,OY,20,11,0.733642368,C,,20,22.7,23.5,25.3,28.2,30.8,,2,27,37
9/13/2019,OY,20,12,0.503756829,A,0.0042,20,22.9,23.6,25.6,28.4,31.2,1,2,27,37
9/13/2019,OY,20,13,0.754516256,C,0.0017,20,23,23.7,25.7,28.7,31.5,1,2,27,37
9/13/2019,OY,20,14,0.26184889,A,0.0025,20,22.9,23.8,25.9,29.2,32,1,2,27,37
9/13/2019,OY,20,15,0.057967744,A,0.0012,20,23,24.1,26.1,29.6,32.5,1,2,27,37
9/13/2019,OY,20,16,0.387878241,B,0.0015,20,23.1,24.4,26.2,30,33.2,1,2,27,37
9/13/2019,OY,20,17,0.469600753,A,0.0032,20,23.1,24.5,26.7,30.4,33.5,1,2,27,37
9/13/2019,OY,20,18,0.865939541,C,0.0034,20,23.2,24.7,27,30.9,34.3,1,2,27,37
9/13/2019,OY,20,19,0.070511829,A,0.0012,20,23.2,24.8,27.3,31.3,34.9,1,2,27,37
9/13/2019,OY,20,20,0.157766544,A,0.0014,20,23.3,25.1,27.7,32.3,35.6,1,2,27,37
9/13/2019,OY,20,21,0.934638875,C,0.0012,20,23.3,25.2,27.9,32.6,36.5,1,2,27,37
9/13/2019,OY,20,22,0.71779212,C,0.0008,20,23.4,25.8,28.6,33.1,37.1,1,2,27,37
9/13/2019,OY,20,23,0.510919225,A,0.0009,20,23.4,25.9,29.3,34.2,37.9,0,2,27,37
9/13/2019,OY,20,24,0.339376185,B,0.0015,20,23.5,26.2,29.7,35.3,39.1,0,2,27,37
9/13/2019,OY,20,25,0.107855585,A,0.0007,20,23.6,26.8,30.1,35.9,39.8,0,2,27,37
9/13/2019,OY,20,26,0.073422569,A,0.0021,20,23.7,26.9,30.9,36.5,40.6,0,2,27,37
9/13/2019,OY,20,27,0.878783939,C,0.0019,20,23.8,27.6,31.5,37,41.4,0,2,27,37
9/13/2019,OY,20,28,0.207353283,A,0.0006,20,24.1,28.3,32.2,38.2,42.7,0,2,27,37
9/13/2019,OY,20,29,0.763742269,C,0.0041,20,24.2,28.7,33.6,39.4,43.9,0,2,27,37
9/13/2019,OY,20,30,0.919187326,C,0.0017,20,24.5,28.8,34.2,40.6,44.9,0,2,27,37
9/13/2019,OY,20,31,0.45210015,A,0.0027,20,24.6,29.5,35.2,41.8,46.4,0,2,27,37
9/13/2019,OY,20,32,0.065496796,A,0.0022,20,25,29.6,36.1,43.4,47.3,0,2,27,37
9/13/2019,OY,20,33,0.063135944,A,0.0008,20,25,30.5,37.4,43.9,48.6,0,2,27,37
9/13/2019,OY,20,34,0.299306687,B,0.0011,20,25.2,31.5,38,46.3,49.8,0,2,27,37
9/13/2019,OY,20,35,0.229042038,A,0.0008,20,25.6,32,39.8,48,51.6,0,2,27,37
9/13/2019,OY,20,36,0.037345261,A,0.0007,20,25.9,32.6,41.3,48.8,52.3,0,2,27,37
9/13/2019,OY,20,37,0.258909869,A,0.004,20,26,33.5,41.9,50,53.8,0,2,27,37
9/13/2019,OY,20,38,0.725508355,C,0.0034,20,26.3,34.8,43.7,52.5,56.3,0,2,27,37
9/13/2019,WH,20,9,0.446205445,B,0.0042,20,22.6,23.4,25,27.8,30,1,2,23,38
9/13/2019,WH,20,10,0.309012339,A,0.0022,20,22.7,23.4,25.1,28.1,30.4,1,2,23,38
9/13/2019,WH,20,11,0.114863787,B,0.0011,20,22.7,23.5,25.3,28.2,30.8,1,2,23,38
9/13/2019,WH,20,12,0.9657082,C,0.0009,20,22.9,23.6,25.6,28.4,31.2,1,2,23,38
9/13/2019,WH,20,13,0.232960699,B,0.0014,20,23,23.7,25.7,28.7,31.5,1,2,23,38
9/13/2019,WH,20,14,0.874660058,C,0.0016,20,22.9,23.8,25.9,29.2,32,1,2,23,38
9/13/2019,WH,20,15,0.818034564,C,0.001,20,23,24.1,26.1,29.6,32.5,1,2,23,38
9/13/2019,WH,20,16,0.280327173,A,0.0015,20,23.1,24.4,26.2,30,33.2,1,2,23,38
9/13/2019,WH,20,17,0.58660282,B,0.0014,20,23.1,24.5,26.7,30.4,33.5,1,2,23,38
9/13/2019,WH,20,18,0.036847509,A,0.0036,20,23.2,24.7,27,30.9,34.3,1,2,23,38
9/13/2019,WH,20,19,0.999960153,C,0.0015,20,23.2,24.8,27.3,31.3,34.9,1,2,23,38
9/13/2019,WH,20,20,0.238364352,B,0.0016,20,23.3,25.1,27.7,32.3,35.6,1,2,23,38
9/13/2019,WH,20,21,0.909083665,B,0.0014,20,23.3,25.2,27.9,32.6,36.5,1,2,23,38
9/13/2019,WH,20,22,0.008418366,A,0.0013,20,23.4,25.8,28.6,33.1,37.1,1,2,23,38
9/13/2019,WH,20,23,0.700718064,B,0.0012,20,23.4,25.9,29.3,34.2,37.9,1,2,23,38
9/13/2019,WH,20,24,0.677525503,C,0.0026,20,23.5,26.2,29.7,35.3,39.1,0,2,23,38
9/13/2019,WH,20,25,0.279302658,B,0.0022,20,23.6,26.8,30.1,35.9,39.8,0,2,23,38
9/13/2019,WH,20,26,0.349281107,B,0.0009,20,23.7,26.9,30.9,36.5,40.6,0,2,23,38
9/13/2019,WH,20,27,0.144329017,A,0.0015,20,23.8,27.6,31.5,37,41.4,0,2,23,38
9/13/2019,WH,20,28,0.786340237,B,0.0025,20,24.1,28.3,32.2,38.2,42.7,0,2,23,38
9/13/2019,WH,20,29,0.116263117,A,0.002,20,24.2,28.7,33.6,39.4,43.9,0,2,23,38
9/13/2019,WH,20,30,0.549171029,A,0.0032,20,24.5,28.8,34.2,40.6,44.9,0,2,23,38
9/13/2019,WH,20,31,0.814590906,C,0.0065,20,24.6,29.5,35.2,41.8,46.4,0,2,23,38
9/13/2019,WH,20,32,0.438502297,B,,20,25,29.6,36.1,43.4,47.3,,2,23,38
9/13/2019,WH,20,33,0.677291408,B,,20,25,30.5,37.4,43.9,48.6,,2,23,38
9/13/2019,WH,20,34,0.022012917,A,,20,25.2,31.5,38,46.3,49.8,0,2,23,38
9/13/2019,WH,20,35,0.432051672,B,,20,25.6,32,39.8,48,51.6,,2,23,38
9/13/2019,WH,20,36,0.521121574,B,,20,25.9,32.6,41.3,48.8,52.3,,2,23,38
9/13/2019,WH,20,37,0.651027847,C,,20,26,33.5,41.9,50,53.8,,2,23,38
9/13/2019,WH,20,38,0.426340891,A,,20,26.3,34.8,43.7,52.5,56.3,0,2,23,38
9/16/2019,FB,20,9,0.290885845,A,,,,,,,,,2,12,39
9/16/2019,FB,20,10,0.957095671,C,,,,,,,,,2,12,39
9/16/2019,FB,20,11,0.140963562,A,,,,,,,,,2,12,39
9/16/2019,FB,20,12,0.144137684,B,,,,,,,,,2,12,39
9/16/2019,FB,20,13,0.437906356,B,,,,,,,,,2,12,39
9/16/2019,FB,20,14,0.030125562,A,,,,,,,,,2,12,39
9/16/2019,FB,20,15,0.197747088,A,,,,,,,,,2,12,39
9/16/2019,FB,20,16,0.010064024,A,,20,22.8,25.3,28.3,30,34.1,,2,12,39
9/16/2019,FB,20,17,0.273639215,A,0.0012,20,22.8,25.5,28.7,30.2,34.6,1,2,12,39
9/16/2019,FB,20,18,0.890750183,B,0.0014,20,22.8,25.7,28.9,30.7,35.7,1,2,12,39
9/16/2019,FB,20,19,0.585903063,C,0.0006,20,22.9,25.9,29.2,31.1,36,0,2,12,39
9/16/2019,FB,20,20,0.411290694,C,0.001,20,23,26.1,29.6,31.5,36.9,1,2,12,39
9/16/2019,FB,20,21,0.266157884,A,0.0009,20,23,26.4,30,32.3,37.5,0,2,12,39
9/16/2019,FB,20,22,0.928720487,C,0.0008,20,23.1,26.5,30.5,32.7,38.3,1,2,12,39
9/16/2019,FB,20,23,0.086863368,A,0.0011,20,23.5,26.9,31,33.3,39.3,0,2,12,39
9/16/2019,FB,20,24,0.749294007,C,0.0013,20,23.5,27.3,31.7,33.9,39.8,0,2,12,39
9/16/2019,FB,20,25,0.097512631,A,0.0005,20,23.8,27.5,31.8,34.7,40.7,0,2,12,39
9/16/2019,FB,20,26,0.220758227,B,0.0011,20,23.9,27.7,33,35.5,41.7,0,2,12,39
9/16/2019,FB,20,27,0.03729698,A,0.0015,20,24,28.5,33.6,36.2,42.9,0,2,12,39
9/16/2019,FB,20,28,0.099755708,A,0.001,20,24.2,28.9,34.2,37,43.3,0,2,12,39
9/16/2019,FB,20,29,0.684116303,C,,20,24.4,29.2,34.9,38,44.6,,2,12,39
9/16/2019,FB,20,30,0.918722648,C,,,,,,,,,2,12,39
9/16/2019,FB,20,31,0.784128871,C,,,,,,,,,2,12,39
9/16/2019,FB,20,32,0.205199388,B,,,,,,,,,2,12,39
9/16/2019,FB,20,33,0.364721845,B,,,,,,,,,2,12,39
9/16/2019,FB,20,34,0.168754135,A,,,,,,,,,2,12,39
9/16/2019,FB,20,35,0.946002682,C,,,,,,,,,2,12,39
9/16/2019,FB,20,36,0.681847102,B,,,,,,,,,2,12,39
9/16/2019,FB,20,37,0.207098272,B,,,,,,,,,2,12,39
9/16/2019,FB,20,38,0.736461239,B,,,,,,,,,2,12,39
9/16/2019,HM,20,9,0.525758008,B,,,,,,,,,2,14,40
9/16/2019,HM,20,10,0.081352345,A,,,,,,,,,2,14,40
9/16/2019,HM,20,11,0.269837089,B,,,,,,,,,2,14,40
9/16/2019,HM,20,12,0.378404317,C,,,,,,,,,2,14,40
9/16/2019,HM,20,13,0.366979237,A,,,,,,,,,2,14,40
9/16/2019,HM,20,14,0.484829364,C,,,,,,,,,2,14,40
9/16/2019,HM,20,15,0.763062498,C,,,,,,,,,2,14,40
9/16/2019,HM,20,16,0.962669594,C,0.0006,20,22.8,25.3,28.3,30,34.1,0,2,14,40
9/16/2019,HM,20,17,0.772203045,C,0.0009,20,22.8,25.5,28.7,30.2,34.6,1,2,14,40
9/16/2019,HM,20,18,0.433091532,A,0.001,20,22.8,25.7,28.9,30.7,35.7,1,2,14,40
9/16/2019,HM,20,19,0.384973822,A,0.0021,20,22.9,25.9,29.2,31.1,36,1,2,14,40
9/16/2019,HM,20,20,0.266799796,B,0.0013,20,23,26.1,29.6,31.5,36.9,1,2,14,40
9/16/2019,HM,20,21,0.332612437,B,0.0018,20,23,26.4,30,32.3,37.5,1,2,14,40
9/16/2019,HM,20,22,0.488683232,B,0.0009,20,23.1,26.5,30.5,32.7,38.3,0,2,14,40
9/16/2019,HM,20,23,0.981326303,C,0.0011,20,23.5,26.9,31,33.3,39.3,0,2,14,40
9/16/2019,HM,20,24,0.419219593,B,0.0011,20,23.5,27.3,31.7,33.9,39.8,0,2,14,40
9/16/2019,HM,20,25,0.185811284,B,0.0005,20,23.8,27.5,31.8,34.7,40.7,0,2,14,40
9/16/2019,HM,20,26,0.780636827,C,0.0014,20,23.9,27.7,33,35.5,41.7,0,2,14,40
9/16/2019,HM,20,27,0.543468641,C,0.0022,20,24,28.5,33.6,36.2,42.9,0,2,14,40
9/16/2019,HM,20,28,0.414272281,C,0.0044,20,24.2,28.9,34.2,37,43.3,0,2,14,40
9/16/2019,HM,20,29,0.524603706,B,0.0012,20,24.4,29.2,34.9,38,44.6,0,2,14,40
9/16/2019,HM,20,30,0.311079812,A,,,,,,,,,2,14,40
9/16/2019,HM,20,31,0.250846263,B,,,,,,,,,2,14,40
9/16/2019,HM,20,32,0.166711599,A,,,,,,,,,2,14,40
9/16/2019,HM,20,33,0.976410866,C,,,,,,,,,2,14,40
9/16/2019,HM,20,34,0.898403532,C,,,,,,,,,2,14,40
9/16/2019,HM,20,35,0.66698164,B,,,,,,,,,2,14,40
9/16/2019,HM,20,36,0.200047742,A,,,,,,,,,2,14,40
9/16/2019,HM,20,37,0.081649437,A,,,,,,,,,2,14,40
9/16/2019,HM,20,38,0.736869801,C,,,,,,,,,2,14,40
9/16/2019,TO,20,9,0.921407751,C,,,,,,,,,2,7,41
9/16/2019,TO,20,10,0.725103522,B,,,,,,,,,2,7,41
9/16/2019,TO,20,11,0.883343316,C,,,,,,,,,2,7,41
9/16/2019,TO,20,12,0.135982596,A,,,,,,,,,2,7,41
9/16/2019,TO,20,13,0.810969794,C,,,,,,,,,2,7,41
9/16/2019,TO,20,14,0.484495464,B,,,,,,,,,2,7,41
9/16/2019,TO,20,15,0.418133072,B,,,,,,,,,2,7,41
9/16/2019,TO,20,16,0.259941649,B,,20,22.8,25.3,28.3,30,34.1,,2,7,41
9/16/2019,TO,20,17,0.494716037,B,,20,22.8,25.5,28.7,30.2,34.6,,2,7,41
9/16/2019,TO,20,18,0.997577502,C,,20,22.8,25.7,28.9,30.7,35.7,,2,7,41
9/16/2019,TO,20,19,0.41604377,B,0.0019,20,22.9,25.9,29.2,31.1,36,1,2,7,41
9/16/2019,TO,20,20,0.132258263,A,0.001,20,23,26.1,29.6,31.5,36.9,1,2,7,41
9/16/2019,TO,20,21,0.707527023,C,0.002,20,23,26.4,30,32.3,37.5,0,2,7,41
9/16/2019,TO,20,22,0.165200233,A,0.0027,20,23.1,26.5,30.5,32.7,38.3,1,2,7,41
9/16/2019,TO,20,23,0.312423174,B,0.0019,20,23.5,26.9,31,33.3,39.3,0,2,7,41
9/16/2019,TO,20,24,0.330718043,A,0.002,20,23.5,27.3,31.7,33.9,39.8,0,2,7,41
9/16/2019,TO,20,25,0.812926582,C,0.0018,20,23.8,27.5,31.8,34.7,40.7,0,2,7,41
9/16/2019,TO,20,26,0.216739847,A,,20,23.9,27.7,33,35.5,41.7,,2,7,41
9/16/2019,TO,20,27,0.540710849,B,,20,24,28.5,33.6,36.2,42.9,,2,7,41
9/16/2019,TO,20,28,0.123603515,B,,20,24.2,28.9,34.2,37,43.3,,2,7,41
9/16/2019,TO,20,29,0.330564766,A,,20,24.4,29.2,34.9,38,44.6,,2,7,41
9/16/2019,TO,20,30,0.590144493,B,,,,,,,,,2,7,41
9/16/2019,TO,20,31,0.010994386,A,,,,,,,,,2,7,41
9/16/2019,TO,20,32,0.230084779,C,,,,,,,,,2,7,41
9/16/2019,TO,20,33,0.004971141,A,,,,,,,,,2,7,41
9/16/2019,TO,20,34,0.801975673,B,,,,,,,,,2,7,41
9/16/2019,TO,20,35,0.04356566,A,,,,,,,,,2,7,41
9/16/2019,TO,20,36,0.821648516,C,,,,,,,,,2,7,41
9/16/2019,TO,20,37,0.213443879,C,,,,,,,,,2,7,41
9/16/2019,TO,20,38,0.085740596,A,,,,,,,,,2,7,41
